-- MySQL dump 10.13  Distrib 5.5.49, for debian-linux-gnu (x86_64)
--
-- Host: localhost    Database: batikshop
-- ------------------------------------------------------
-- Server version	5.5.49-0ubuntu0.14.04.1

/*!40101 SET @OLD_CHARACTER_SET_CLIENT=@@CHARACTER_SET_CLIENT */;
/*!40101 SET @OLD_CHARACTER_SET_RESULTS=@@CHARACTER_SET_RESULTS */;
/*!40101 SET @OLD_COLLATION_CONNECTION=@@COLLATION_CONNECTION */;
/*!40101 SET NAMES utf8 */;
/*!40103 SET @OLD_TIME_ZONE=@@TIME_ZONE */;
/*!40103 SET TIME_ZONE='+00:00' */;
/*!40014 SET @OLD_UNIQUE_CHECKS=@@UNIQUE_CHECKS, UNIQUE_CHECKS=0 */;
/*!40014 SET @OLD_FOREIGN_KEY_CHECKS=@@FOREIGN_KEY_CHECKS, FOREIGN_KEY_CHECKS=0 */;
/*!40101 SET @OLD_SQL_MODE=@@SQL_MODE, SQL_MODE='NO_AUTO_VALUE_ON_ZERO' */;
/*!40111 SET @OLD_SQL_NOTES=@@SQL_NOTES, SQL_NOTES=0 */;

--
-- Current Database: `batikshop`
--

CREATE DATABASE /*!32312 IF NOT EXISTS*/ `batikshop` /*!40100 DEFAULT CHARACTER SET latin1 */;

USE `batikshop`;

--
-- Table structure for table `asset_histories`
--

DROP TABLE IF EXISTS `asset_histories`;
/*!40101 SET @saved_cs_client     = @@character_set_client */;
/*!40101 SET character_set_client = utf8 */;
CREATE TABLE `asset_histories` (
  `id` int(10) unsigned NOT NULL AUTO_INCREMENT,
  `asset` int(11) NOT NULL,
  `created_at` timestamp NULL DEFAULT NULL,
  `updated_at` timestamp NULL DEFAULT NULL,
  PRIMARY KEY (`id`)
) ENGINE=InnoDB AUTO_INCREMENT=57 DEFAULT CHARSET=utf8 COLLATE=utf8_unicode_ci;
/*!40101 SET character_set_client = @saved_cs_client */;

--
-- Dumping data for table `asset_histories`
--

LOCK TABLES `asset_histories` WRITE;
/*!40000 ALTER TABLE `asset_histories` DISABLE KEYS */;
INSERT INTO `asset_histories` VALUES (1,1783000,'2016-09-24 21:00:01','2016-09-24 21:00:01'),(2,5974000,'2016-09-25 21:00:01','2016-09-25 21:00:01'),(3,5974000,'2016-09-26 21:00:02','2016-09-26 21:00:02'),(4,9302500,'2016-09-27 21:00:01','2016-09-27 21:00:01'),(5,9302500,'2016-09-28 21:00:02','2016-09-28 21:00:02'),(6,12804500,'2016-09-29 21:00:01','2016-09-29 21:00:01'),(7,20899500,'2016-09-30 21:00:01','2016-09-30 21:00:01'),(8,20899500,'2016-10-01 21:00:01','2016-10-01 21:00:01'),(9,20899500,'2016-10-02 21:00:01','2016-10-02 21:00:01'),(10,20899500,'2016-10-03 21:00:01','2016-10-03 21:00:01'),(11,26609000,'2016-10-04 21:00:01','2016-10-04 21:00:01'),(12,26609000,'2016-10-05 21:00:01','2016-10-05 21:00:01'),(13,26609000,'2016-10-06 21:00:02','2016-10-06 21:00:02'),(14,26609000,'2016-10-07 21:00:02','2016-10-07 21:00:02'),(15,26554500,'2016-10-08 21:00:01','2016-10-08 21:00:01'),(16,26554500,'2016-10-09 21:00:01','2016-10-09 21:00:01'),(17,26554500,'2016-10-10 21:00:02','2016-10-10 21:00:02'),(18,32415500,'2016-10-11 21:00:01','2016-10-11 21:00:01'),(19,32415500,'2016-10-12 21:00:01','2016-10-12 21:00:01'),(20,32415500,'2016-10-13 21:00:01','2016-10-13 21:00:01'),(21,32415500,'2016-10-14 21:00:01','2016-10-14 21:00:01'),(22,31868500,'2016-10-15 21:00:01','2016-10-15 21:00:01'),(23,31868500,'2016-10-16 21:00:01','2016-10-16 21:00:01'),(24,31868500,'2016-10-17 21:00:02','2016-10-17 21:00:02'),(25,39278500,'2016-10-18 21:00:01','2016-10-18 21:00:01'),(26,39278500,'2016-10-19 21:00:01','2016-10-19 21:00:01'),(27,47373500,'2016-10-20 21:00:01','2016-10-20 21:00:01'),(28,47373500,'2016-10-21 21:00:01','2016-10-21 21:00:01'),(29,47037500,'2016-10-22 21:00:01','2016-10-22 21:00:01'),(30,47037500,'2016-10-23 21:00:01','2016-10-23 21:00:01'),(31,47037500,'2016-10-24 21:00:01','2016-10-24 21:00:01'),(32,47037500,'2016-10-25 21:00:01','2016-10-25 21:00:01'),(33,47037500,'2016-10-26 21:00:01','2016-10-26 21:00:01'),(34,49024000,'2016-10-27 21:00:01','2016-10-27 21:00:01'),(35,49024000,'2016-10-28 21:00:02','2016-10-28 21:00:02'),(36,49024000,'2016-10-29 21:00:02','2016-10-29 21:00:02'),(37,49024000,'2016-10-30 21:00:01','2016-10-30 21:00:01'),(38,49024000,'2016-10-31 21:00:01','2016-10-31 21:00:01'),(39,51524000,'2016-11-01 21:00:01','2016-11-01 21:00:01'),(40,51524000,'2016-11-02 21:00:01','2016-11-02 21:00:01'),(41,51524000,'2016-11-03 21:00:01','2016-11-03 21:00:01'),(42,51524000,'2016-11-04 21:00:01','2016-11-04 21:00:01'),(43,51524000,'2016-11-05 21:00:02','2016-11-05 21:00:02'),(44,51524000,'2016-11-06 22:00:01','2016-11-06 22:00:01'),(45,51524000,'2016-11-07 22:00:01','2016-11-07 22:00:01'),(46,51524000,'2016-11-08 22:00:01','2016-11-08 22:00:01'),(47,51524000,'2016-11-09 22:00:01','2016-11-09 22:00:01'),(48,49786500,'2016-11-10 22:00:01','2016-11-10 22:00:01'),(49,49786500,'2016-11-11 22:00:02','2016-11-11 22:00:02'),(50,49786500,'2016-11-12 22:00:01','2016-11-12 22:00:01'),(51,49786500,'2016-11-13 22:00:02','2016-11-13 22:00:02'),(52,48731000,'2016-11-14 22:00:01','2016-11-14 22:00:01'),(53,48731000,'2016-11-15 22:00:01','2016-11-15 22:00:01'),(54,48731000,'2016-11-16 22:00:01','2016-11-16 22:00:01'),(55,53333000,'2016-11-17 22:00:01','2016-11-17 22:00:01'),(56,53333000,'2016-11-18 22:00:01','2016-11-18 22:00:01');
/*!40000 ALTER TABLE `asset_histories` ENABLE KEYS */;
UNLOCK TABLES;

--
-- Table structure for table `detail_transactions`
--

DROP TABLE IF EXISTS `detail_transactions`;
/*!40101 SET @saved_cs_client     = @@character_set_client */;
/*!40101 SET character_set_client = utf8 */;
CREATE TABLE `detail_transactions` (
  `trans_id` int(10) unsigned NOT NULL,
  `item_id` int(10) unsigned NOT NULL,
  `qty` int(11) NOT NULL,
  `note` varchar(50) COLLATE utf8_unicode_ci NOT NULL,
  `unit_price` int(11) NOT NULL,
  `unit_profit` int(11) NOT NULL,
  `sum_price` int(11) NOT NULL,
  `sum_profit` int(11) NOT NULL,
  `created_at` timestamp NULL DEFAULT NULL,
  `updated_at` timestamp NULL DEFAULT NULL,
  PRIMARY KEY (`trans_id`,`item_id`),
  KEY `item_id` (`item_id`),
  CONSTRAINT `detail_transactions_ibfk_1` FOREIGN KEY (`item_id`) REFERENCES `items` (`id`) ON DELETE CASCADE ON UPDATE CASCADE,
  CONSTRAINT `detail_transactions_ibfk_2` FOREIGN KEY (`trans_id`) REFERENCES `transactions` (`id`) ON DELETE CASCADE ON UPDATE CASCADE
) ENGINE=InnoDB DEFAULT CHARSET=utf8 COLLATE=utf8_unicode_ci;
/*!40101 SET character_set_client = @saved_cs_client */;

--
-- Dumping data for table `detail_transactions`
--

LOCK TABLES `detail_transactions` WRITE;
/*!40000 ALTER TABLE `detail_transactions` DISABLE KEYS */;
INSERT INTO `detail_transactions` VALUES (1,5,1,'',45000,12000,45000,12000,'2016-09-27 08:26:36','2016-09-27 08:26:36'),(2,9,1,'',35000,15000,35000,15000,'2016-09-27 08:28:25','2016-09-27 08:28:25'),(2,20,1,'',45000,5000,45000,5000,'2016-09-27 08:28:25','2016-09-27 08:28:25'),(3,23,1,'',25000,7000,25000,7000,'2016-09-29 08:23:17','2016-09-29 08:23:17'),(4,40,1,'',70000,40000,70000,40000,'2016-09-29 08:24:19','2016-09-29 08:24:19'),(5,32,1,'',120000,50000,120000,50000,'2016-10-04 06:43:32','2016-10-04 06:43:32'),(5,49,1,'',50000,20000,50000,20000,'2016-10-04 06:43:32','2016-10-04 06:43:32'),(5,50,1,'',55000,25000,55000,25000,'2016-10-04 06:43:32','2016-10-04 06:43:32'),(6,16,6,'',65000,32000,390000,192000,'2016-10-04 07:08:23','2016-10-04 07:08:23'),(7,21,1,'',70000,18000,70000,18000,'2016-10-04 07:19:25','2016-10-04 07:19:25'),(7,40,1,'',70000,40000,70000,40000,'2016-10-04 07:19:25','2016-10-04 07:19:25'),(7,49,10,'',45000,15000,450000,150000,'2016-10-04 07:19:25','2016-10-04 07:19:25'),(7,50,10,'',55000,25000,550000,250000,'2016-10-04 07:19:25','2016-10-04 07:19:25'),(7,53,1,'',20000,9000,20000,9000,'2016-10-04 07:19:25','2016-10-04 07:19:25'),(7,94,1,'',20000,6500,20000,6500,'2016-10-04 07:19:25','2016-10-04 07:19:25'),(8,3,1,'',45000,18000,45000,18000,'2016-10-08 10:18:57','2016-10-08 10:18:57'),(8,68,1,'',55000,27500,55000,27500,'2016-10-08 10:18:57','2016-10-08 10:18:57'),(9,19,1,'',60000,20000,60000,20000,'2016-10-15 08:58:31','2016-10-15 08:58:31'),(9,43,1,'',70000,42000,70000,42000,'2016-10-15 08:58:31','2016-10-15 08:58:31'),(9,57,1,'',55000,25000,55000,25000,'2016-10-15 08:58:31','2016-10-15 08:58:31'),(9,77,1,'',37500,18500,37500,18500,'2016-10-15 08:58:31','2016-10-15 08:58:31'),(9,132,1,'',60000,30000,60000,30000,'2016-10-15 08:58:31','2016-10-15 08:58:31'),(11,42,1,'',90000,55000,90000,55000,'2016-10-15 09:05:38','2016-10-15 09:05:38'),(11,49,1,'',50000,20000,50000,20000,'2016-10-15 09:05:38','2016-10-15 09:05:38'),(12,23,1,'',25000,7000,25000,7000,'2016-10-15 09:07:27','2016-10-15 09:07:27'),(12,118,1,'',35000,15000,35000,15000,'2016-10-15 09:07:27','2016-10-15 09:07:27'),(12,120,1,'',30000,13000,30000,13000,'2016-10-15 09:07:27','2016-10-15 09:07:27'),(13,23,2,'',25000,7000,50000,14000,'2016-10-15 09:08:32','2016-10-15 09:08:32'),(13,26,1,'',29000,9000,29000,9000,'2016-10-15 09:08:32','2016-10-15 09:08:32'),(14,70,1,'',38000,15000,38000,15000,'2016-10-15 09:09:00','2016-10-15 09:09:00'),(15,4,1,'',45000,12000,45000,12000,'2016-10-15 09:10:48','2016-10-15 09:10:48'),(15,60,1,'',26000,12000,26000,12000,'2016-10-15 09:10:48','2016-10-15 09:10:48'),(15,61,1,'',27000,12000,27000,12000,'2016-10-15 09:10:48','2016-10-15 09:10:48'),(15,62,2,'',30000,12000,60000,24000,'2016-10-15 09:10:48','2016-10-15 09:10:48'),(16,78,1,'',35000,17000,35000,17000,'2016-10-15 09:12:11','2016-10-15 09:12:11'),(16,108,1,'',80000,45000,80000,45000,'2016-10-15 09:12:11','2016-10-15 09:12:11'),(16,136,1,'',90000,40000,90000,40000,'2016-10-15 09:12:11','2016-10-15 09:12:11'),(17,142,1,'',60000,30000,60000,30000,'2016-10-18 07:03:27','2016-10-18 07:03:27'),(17,147,1,'',50000,20000,50000,20000,'2016-10-18 07:03:27','2016-10-18 07:03:27'),(17,160,1,'',90000,30000,90000,30000,'2016-10-18 07:03:27','2016-10-18 07:03:27'),(18,26,2,'',29000,9000,58000,18000,'2016-10-22 11:00:24','2016-10-22 11:00:24'),(18,58,1,'',20000,8000,20000,8000,'2016-10-22 11:00:24','2016-10-22 11:00:24'),(18,60,1,'',26000,12000,26000,12000,'2016-10-22 11:00:24','2016-10-22 11:00:24'),(18,61,1,'',27000,12000,27000,12000,'2016-10-22 11:00:24','2016-10-22 11:00:24'),(18,126,1,'',30000,15000,30000,15000,'2016-10-22 11:00:24','2016-10-22 11:00:24'),(18,128,1,'',55000,30000,55000,30000,'2016-10-22 11:00:24','2016-10-22 11:00:24'),(18,139,1,'',120000,55000,120000,55000,'2016-10-22 11:00:24','2016-10-22 11:00:24'),(19,2,1,'',60000,30000,60000,30000,'2016-10-22 11:01:45','2016-10-22 11:01:45'),(19,162,1,'',0,-40000,0,-40000,'2016-10-22 11:01:45','2016-10-22 11:01:45'),(20,49,1,'',50000,20000,50000,20000,'2016-10-22 11:03:26','2016-10-22 11:03:26'),(20,149,1,'',45000,15000,45000,15000,'2016-10-22 11:03:26','2016-10-22 11:03:26'),(20,167,1,'',45000,25000,45000,25000,'2016-10-22 11:03:26','2016-10-22 11:03:26'),(21,49,1,'',50000,20000,50000,20000,'2016-10-27 06:14:32','2016-10-27 06:14:32'),(21,50,1,'',60000,30000,60000,30000,'2016-10-27 06:14:32','2016-10-27 06:14:32'),(21,68,1,'',55000,27500,55000,27500,'2016-10-27 06:14:32','2016-10-27 06:14:32'),(21,145,1,'',70000,35000,70000,35000,'2016-10-27 06:14:32','2016-10-27 06:14:32'),(22,13,1,'',140000,55000,140000,55000,'2016-10-27 06:15:33','2016-10-27 06:15:33'),(22,116,1,'',20000,5000,20000,5000,'2016-10-27 06:15:33','2016-10-27 06:15:33'),(23,7,1,'',40000,16000,40000,16000,'2016-11-01 09:54:36','2016-11-01 09:54:36'),(24,126,1,'',30000,15000,30000,15000,'2016-11-01 09:55:17','2016-11-01 09:55:17'),(25,87,1,'',20000,8000,20000,8000,'2016-11-01 09:56:15','2016-11-01 09:56:15'),(25,88,1,'',25000,9000,25000,9000,'2016-11-01 09:56:15','2016-11-01 09:56:15'),(26,68,1,'',55000,27500,55000,27500,'2016-11-01 09:58:17','2016-11-01 09:58:17'),(26,186,1,'',100000,50000,100000,50000,'2016-11-01 09:58:17','2016-11-01 09:58:17'),(27,32,0,'',120000,50000,0,0,'2016-11-01 10:07:20','2016-11-01 10:07:20'),(27,41,2,'',90000,40000,180000,80000,'2016-11-01 10:07:20','2016-11-01 10:07:20'),(27,65,1,'',40000,17500,40000,17500,'2016-11-01 10:07:20','2016-11-01 10:07:20'),(27,116,1,'',20000,5000,20000,5000,'2016-11-01 10:07:20','2016-11-01 10:07:20'),(27,199,1,'',140000,50000,140000,50000,'2016-11-01 10:07:20','2016-11-01 10:07:20'),(28,7,2,'',40000,16000,80000,32000,'2016-11-01 10:28:18','2016-11-01 10:28:18'),(28,92,2,'',19500,4500,39000,9000,'2016-11-01 10:28:18','2016-11-01 10:28:18'),(29,12,1,'',80000,30000,80000,30000,'2016-11-10 06:00:27','2016-11-10 06:00:27'),(29,49,1,'',50000,20000,50000,20000,'2016-11-10 06:00:27','2016-11-10 06:00:27'),(29,50,1,'',60000,30000,60000,30000,'2016-11-10 06:00:27','2016-11-10 06:00:27'),(29,122,1,'',32500,12500,32500,12500,'2016-11-10 06:00:27','2016-11-10 06:00:27'),(29,262,1,'',15000,5000,15000,5000,'2016-11-10 06:00:27','2016-11-10 06:00:27'),(29,271,1,'',15000,6000,15000,6000,'2016-11-10 06:00:27','2016-11-10 06:00:27'),(30,23,1,'',25000,7000,25000,7000,'2016-11-10 06:01:53','2016-11-10 06:01:53'),(30,171,1,'',95000,35000,95000,35000,'2016-11-10 06:01:53','2016-11-10 06:01:53'),(32,68,4,'',55000,27500,220000,110000,'2016-11-10 06:07:53','2016-11-10 06:07:53'),(32,199,1,'',130000,40000,130000,40000,'2016-11-10 06:07:53','2016-11-10 06:07:53'),(32,271,1,'',10000,1000,10000,1000,'2016-11-10 06:07:53','2016-11-10 06:07:53'),(33,39,1,'',80000,40000,80000,40000,'2016-11-10 06:09:42','2016-11-10 06:09:42'),(33,126,1,'',30000,15000,30000,15000,'2016-11-10 06:09:42','2016-11-10 06:09:42'),(33,201,1,'',130000,70000,130000,70000,'2016-11-10 06:09:42','2016-11-10 06:09:42'),(33,302,1,'',180000,50000,180000,50000,'2016-11-10 06:09:42','2016-11-10 06:09:42'),(34,39,1,'',80000,40000,80000,40000,'2016-11-10 06:11:59','2016-11-10 06:11:59'),(34,95,1,'',33000,9500,33000,9500,'2016-11-10 06:11:59','2016-11-10 06:11:59'),(34,126,1,'',30000,15000,30000,15000,'2016-11-10 06:11:59','2016-11-10 06:11:59'),(34,149,1,'',50000,20000,50000,20000,'2016-11-10 06:11:59','2016-11-10 06:11:59'),(34,301,1,'',170000,45000,170000,45000,'2016-11-10 06:11:59','2016-11-10 06:11:59'),(34,302,1,'',180000,50000,180000,50000,'2016-11-10 06:11:59','2016-11-10 06:11:59'),(35,19,1,'',60000,20000,60000,20000,'2016-11-10 06:34:35','2016-11-10 06:34:35'),(35,41,2,'',90000,40000,180000,80000,'2016-11-10 06:34:35','2016-11-10 06:34:35'),(35,59,1,'',25000,12000,25000,12000,'2016-11-10 06:34:35','2016-11-10 06:34:35'),(35,68,1,'',55000,27500,55000,27500,'2016-11-10 06:34:35','2016-11-10 06:34:35'),(35,139,1,'',120000,55000,120000,55000,'2016-11-10 06:34:35','2016-11-10 06:34:35'),(35,199,1,'',140000,50000,140000,50000,'2016-11-10 06:34:35','2016-11-10 06:34:35'),(35,305,1,'',175000,30000,175000,30000,'2016-11-10 06:34:35','2016-11-10 06:34:35'),(36,68,1,'',55000,27500,55000,27500,'2016-11-10 06:36:11','2016-11-10 06:36:11'),(36,272,1,'',30000,10000,30000,10000,'2016-11-10 06:36:11','2016-11-10 06:36:11'),(36,280,1,'',30000,0,30000,0,'2016-11-10 06:36:11','2016-11-10 06:36:11'),(36,304,1,'',185000,50000,185000,50000,'2016-11-10 06:36:11','2016-11-10 06:36:11'),(37,198,1,'',115000,55000,115000,55000,'2016-11-14 11:22:42','2016-11-14 11:22:42'),(37,221,1,'',35000,10000,35000,10000,'2016-11-14 11:22:42','2016-11-14 11:22:42'),(38,19,1,'',60000,20000,60000,20000,'2016-11-14 11:24:36','2016-11-14 11:24:36'),(38,50,1,'',60000,30000,60000,30000,'2016-11-14 11:24:36','2016-11-14 11:24:36'),(38,54,1,'',15000,8500,15000,8500,'2016-11-14 11:24:36','2016-11-14 11:24:36'),(38,61,1,'',27000,12000,27000,12000,'2016-11-14 11:24:36','2016-11-14 11:24:36'),(40,41,2,'',90000,40000,180000,80000,'2016-11-14 11:29:28','2016-11-14 11:29:28'),(40,129,1,'',45000,20000,45000,20000,'2016-11-14 11:29:28','2016-11-14 11:29:28'),(40,218,2,'',120000,30000,240000,60000,'2016-11-14 11:29:28','2016-11-14 11:29:28'),(40,304,1,'',180000,45000,180000,45000,'2016-11-14 11:29:28','2016-11-14 11:29:28'),(41,39,2,'',80000,40000,160000,80000,'2016-11-14 11:33:56','2016-11-14 11:33:56'),(41,42,1,'',90000,55000,90000,55000,'2016-11-14 11:33:56','2016-11-14 11:33:56'),(41,49,1,'',45000,15000,45000,15000,'2016-11-14 11:33:56','2016-11-14 11:33:56'),(41,50,2,'',60000,30000,120000,60000,'2016-11-14 11:33:56','2016-11-14 11:33:56'),(41,60,1,'',26000,12000,26000,12000,'2016-11-14 11:33:56','2016-11-14 11:33:56'),(41,65,1,'',45000,22500,45000,22500,'2016-11-14 11:33:56','2016-11-14 11:33:56'),(41,68,1,'',55000,27500,55000,27500,'2016-11-14 11:33:56','2016-11-14 11:33:56'),(41,146,1,'',80000,35000,80000,35000,'2016-11-14 11:33:56','2016-11-14 11:33:56'),(41,301,1,'',155000,30000,155000,30000,'2016-11-14 11:33:56','2016-11-14 11:33:56'),(42,36,1,'',100000,55000,100000,55000,'2016-11-17 08:26:45','2016-11-17 08:26:45'),(42,49,1,'',50000,20000,50000,20000,'2016-11-17 08:26:45','2016-11-17 08:26:45'),(42,136,1,'',90000,40000,90000,40000,'2016-11-17 08:26:45','2016-11-17 08:26:45'),(42,143,1,'',60000,23000,60000,23000,'2016-11-17 08:26:45','2016-11-17 08:26:45'),(42,199,1,'',140000,50000,140000,50000,'2016-11-17 08:26:45','2016-11-17 08:26:45'),(43,4,1,'',45000,12000,45000,12000,'2016-11-17 08:28:56','2016-11-17 08:28:56'),(43,40,1,'',70000,40000,70000,40000,'2016-11-17 08:28:56','2016-11-17 08:28:56'),(43,142,1,'',60000,30000,60000,30000,'2016-11-17 08:28:56','2016-11-17 08:28:56'),(43,144,1,'',60000,25000,60000,25000,'2016-11-17 08:28:56','2016-11-17 08:28:56'),(43,234,1,'',60000,20000,60000,20000,'2016-11-17 08:28:56','2016-11-17 08:28:56'),(44,40,1,'',70000,40000,70000,40000,'2016-11-17 08:30:23','2016-11-17 08:30:23'),(44,43,1,'',70000,42000,70000,42000,'2016-11-17 08:30:23','2016-11-17 08:30:23'),(44,67,1,'',45000,22500,45000,22500,'2016-11-17 08:30:23','2016-11-17 08:30:23');
/*!40000 ALTER TABLE `detail_transactions` ENABLE KEYS */;
UNLOCK TABLES;

--
-- Table structure for table `item_histories`
--

DROP TABLE IF EXISTS `item_histories`;
/*!40101 SET @saved_cs_client     = @@character_set_client */;
/*!40101 SET character_set_client = utf8 */;
CREATE TABLE `item_histories` (
  `id` int(10) unsigned NOT NULL AUTO_INCREMENT,
  `item_id` int(10) unsigned NOT NULL,
  `purchase_price` int(11) NOT NULL,
  `sell_price` int(11) NOT NULL,
  `created_at` timestamp NULL DEFAULT NULL,
  `updated_at` timestamp NULL DEFAULT NULL,
  PRIMARY KEY (`id`),
  KEY `item_id` (`item_id`),
  CONSTRAINT `item_histories_ibfk_1` FOREIGN KEY (`item_id`) REFERENCES `items` (`id`) ON DELETE CASCADE ON UPDATE CASCADE
) ENGINE=InnoDB AUTO_INCREMENT=402 DEFAULT CHARSET=utf8 COLLATE=utf8_unicode_ci;
/*!40101 SET character_set_client = @saved_cs_client */;

--
-- Dumping data for table `item_histories`
--

LOCK TABLES `item_histories` WRITE;
/*!40000 ALTER TABLE `item_histories` DISABLE KEYS */;
INSERT INTO `item_histories` VALUES (1,1,27000,45000,'2016-09-24 09:49:08','2016-09-24 09:49:08'),(2,2,30000,60000,'2016-09-24 10:36:23','2016-09-24 10:36:23'),(3,3,28000,45000,'2016-09-24 10:45:46','2016-09-24 10:45:46'),(4,4,33000,45000,'2016-09-24 10:51:37','2016-09-24 10:51:37'),(5,5,33000,45000,'2016-09-24 11:07:18','2016-09-24 11:07:18'),(6,6,33000,45000,'2016-09-24 11:09:08','2016-09-24 11:09:08'),(7,3,28000,45000,'2016-09-24 11:18:02','2016-09-24 11:18:02'),(8,4,33000,45000,'2016-09-24 11:19:40','2016-09-24 11:19:40'),(9,7,24000,40000,'2016-09-24 11:22:40','2016-09-24 11:22:40'),(10,8,21000,35000,'2016-09-24 11:29:11','2016-09-24 11:29:11'),(11,9,20000,35000,'2016-09-24 11:57:28','2016-09-24 11:57:28'),(12,10,35000,50000,'2016-09-24 12:20:33','2016-09-24 12:20:33'),(13,11,24000,40000,'2016-09-24 12:22:38','2016-09-24 12:22:38'),(14,12,50000,80000,'2016-09-25 07:00:20','2016-09-25 07:00:20'),(15,13,85000,140000,'2016-09-25 07:09:09','2016-09-25 07:09:09'),(16,14,55000,80000,'2016-09-25 07:16:20','2016-09-25 07:16:20'),(17,15,105000,150000,'2016-09-25 07:55:14','2016-09-25 07:55:14'),(18,16,35000,80000,'2016-09-25 08:03:43','2016-09-25 08:03:43'),(19,17,45000,80000,'2016-09-25 08:17:49','2016-09-25 08:17:49'),(20,18,28000,70000,'2016-09-25 08:25:44','2016-09-25 08:25:44'),(21,19,40000,60000,'2016-09-25 09:34:50','2016-09-25 09:34:50'),(22,20,40000,60000,'2016-09-25 09:52:52','2016-09-25 09:52:52'),(23,21,52000,70000,'2016-09-25 09:55:56','2016-09-25 09:55:56'),(24,22,25000,45000,'2016-09-25 10:30:59','2016-09-25 10:30:59'),(25,23,18000,25000,'2016-09-25 11:14:29','2016-09-25 11:14:29'),(26,24,20000,26000,'2016-09-25 11:18:39','2016-09-25 11:18:39'),(27,23,18000,25000,'2016-09-25 11:25:47','2016-09-25 11:25:47'),(28,25,22000,31000,'2016-09-25 11:39:48','2016-09-25 11:39:48'),(29,26,20000,29000,'2016-09-25 12:00:58','2016-09-25 12:00:58'),(30,23,18000,25000,'2016-09-25 12:05:13','2016-09-25 12:05:13'),(31,27,15500,28000,'2016-09-27 08:36:12','2016-09-27 08:36:12'),(32,28,15500,28000,'2016-09-27 08:41:51','2016-09-27 08:41:51'),(33,29,18000,31000,'2016-09-27 08:45:16','2016-09-27 08:45:16'),(34,30,19000,34000,'2016-09-27 08:47:39','2016-09-27 08:47:39'),(35,31,24000,37000,'2016-09-27 08:53:29','2016-09-27 08:53:29'),(36,32,70000,120000,'2016-09-27 10:39:37','2016-09-27 10:39:37'),(37,33,60000,120000,'2016-09-27 10:44:07','2016-09-27 10:44:07'),(38,34,60000,120000,'2016-09-27 10:48:54','2016-09-27 10:48:54'),(39,35,70000,140000,'2016-09-27 10:51:17','2016-09-27 10:51:17'),(40,36,45000,100000,'2016-09-27 10:57:18','2016-09-27 10:57:18'),(41,37,55000,120000,'2016-09-27 10:59:27','2016-09-27 10:59:27'),(42,38,35000,90000,'2016-09-27 11:00:56','2016-09-27 11:00:56'),(43,39,40000,80000,'2016-09-27 11:12:36','2016-09-27 11:12:36'),(44,40,30000,70000,'2016-09-27 11:16:25','2016-09-27 11:16:25'),(45,41,50000,90000,'2016-09-27 11:23:43','2016-09-27 11:23:43'),(46,42,35000,90000,'2016-09-27 11:26:02','2016-09-27 11:26:02'),(47,42,35000,90000,'2016-09-27 11:30:06','2016-09-27 11:30:06'),(48,43,28000,70000,'2016-09-27 11:34:34','2016-09-27 11:34:34'),(49,44,35000,80000,'2016-09-27 11:37:47','2016-09-27 11:37:47'),(50,45,60000,10000,'2016-09-27 11:41:18','2016-09-27 11:41:18'),(51,46,35000,80000,'2016-09-27 11:42:59','2016-09-27 11:42:59'),(52,47,50000,90000,'2016-09-27 11:44:35','2016-09-27 11:44:35'),(53,48,50000,90000,'2016-09-27 11:45:45','2016-09-27 11:45:45'),(54,49,30000,50000,'2016-09-29 06:30:05','2016-09-29 06:30:05'),(55,50,30000,60000,'2016-09-29 06:40:05','2016-09-29 06:40:05'),(56,16,33000,80000,'2016-09-29 06:54:25','2016-09-29 06:54:25'),(57,3,27000,45000,'2016-09-29 07:07:47','2016-09-29 07:07:47'),(58,51,30000,70000,'2016-09-29 07:51:10','2016-09-29 07:51:10'),(59,52,30000,80000,'2016-09-29 07:54:28','2016-09-29 07:54:28'),(60,53,11000,20000,'2016-09-29 11:06:58','2016-09-29 11:06:58'),(61,54,6500,15000,'2016-09-29 11:09:44','2016-09-29 11:09:44'),(62,55,40000,60000,'2016-09-30 05:56:00','2016-09-30 05:56:00'),(63,56,25000,40000,'2016-09-30 06:00:13','2016-09-30 06:00:13'),(64,57,30000,60000,'2016-09-30 06:03:16','2016-09-30 06:03:16'),(65,58,12000,20000,'2016-09-30 06:11:18','2016-09-30 06:11:18'),(66,59,13000,25000,'2016-09-30 06:16:59','2016-09-30 06:16:59'),(67,60,14000,26000,'2016-09-30 06:23:46','2016-09-30 06:23:46'),(68,61,15000,27000,'2016-09-30 06:37:02','2016-09-30 06:37:02'),(69,62,18000,30000,'2016-09-30 06:39:05','2016-09-30 06:39:05'),(70,63,19000,32000,'2016-09-30 06:43:58','2016-09-30 06:43:58'),(71,64,22500,45000,'2016-09-30 06:57:17','2016-09-30 06:57:17'),(72,65,22500,45000,'2016-09-30 06:59:16','2016-09-30 06:59:16'),(73,66,22500,45000,'2016-09-30 07:03:00','2016-09-30 07:03:00'),(74,67,22500,45000,'2016-09-30 07:04:17','2016-09-30 07:04:17'),(75,65,22500,45000,'2016-09-30 07:15:22','2016-09-30 07:15:22'),(76,66,22500,45000,'2016-09-30 07:16:38','2016-09-30 07:16:38'),(77,67,22500,45000,'2016-09-30 07:18:11','2016-09-30 07:18:11'),(78,68,27500,55000,'2016-09-30 07:46:26','2016-09-30 07:46:26'),(79,69,21000,35000,'2016-09-30 07:58:46','2016-09-30 07:58:46'),(80,70,23000,38000,'2016-09-30 08:00:25','2016-09-30 08:00:25'),(81,71,27000,45000,'2016-09-30 08:01:33','2016-09-30 08:01:33'),(82,72,36000,60000,'2016-09-30 08:03:04','2016-09-30 08:03:04'),(83,73,50000,95000,'2016-09-30 08:04:42','2016-09-30 08:04:42'),(84,74,25000,45000,'2016-09-30 08:10:20','2016-09-30 08:10:20'),(85,62,18000,30000,'2016-09-30 08:12:17','2016-09-30 08:12:17'),(86,67,22500,45000,'2016-09-30 08:13:51','2016-09-30 08:13:51'),(87,75,16000,30000,'2016-09-30 08:22:46','2016-09-30 08:22:46'),(88,75,16000,30000,'2016-09-30 08:24:30','2016-09-30 08:24:30'),(89,76,20500,40000,'2016-09-30 08:28:29','2016-09-30 08:28:29'),(90,77,19000,37500,'2016-09-30 08:31:09','2016-09-30 08:31:09'),(91,78,18000,35000,'2016-09-30 08:33:08','2016-09-30 08:33:08'),(92,79,10000,15000,'2016-09-30 09:51:47','2016-09-30 09:51:47'),(93,80,12000,17000,'2016-09-30 09:55:20','2016-09-30 09:55:20'),(94,81,15000,18000,'2016-09-30 09:57:46','2016-09-30 09:57:46'),(95,82,15000,20000,'2016-09-30 09:59:40','2016-09-30 09:59:40'),(96,83,15000,22000,'2016-09-30 10:00:51','2016-09-30 10:00:51'),(97,84,20000,23000,'2016-09-30 10:03:03','2016-09-30 10:03:03'),(98,85,20000,25000,'2016-09-30 10:04:31','2016-09-30 10:04:31'),(99,85,20000,25000,'2016-09-30 10:05:47','2016-09-30 10:05:47'),(100,86,20000,25000,'2016-09-30 10:07:20','2016-09-30 10:07:20'),(101,87,12000,20000,'2016-09-30 10:20:40','2016-09-30 10:20:40'),(102,88,16000,25000,'2016-09-30 10:21:38','2016-09-30 10:21:38'),(103,89,18000,30000,'2016-09-30 10:23:21','2016-09-30 10:23:21'),(104,90,20000,35000,'2016-09-30 10:25:51','2016-09-30 10:25:51'),(105,91,15000,18500,'2016-09-30 10:36:54','2016-09-30 10:36:54'),(106,92,15000,19500,'2016-09-30 10:38:06','2016-09-30 10:38:06'),(107,93,15000,20500,'2016-09-30 10:40:38','2016-09-30 10:40:38'),(108,94,13500,20000,'2016-09-30 10:46:58','2016-09-30 10:46:58'),(109,95,23500,33000,'2016-09-30 10:48:51','2016-09-30 10:48:51'),(110,96,20000,33000,'2016-09-30 10:59:18','2016-09-30 10:59:18'),(111,96,20000,33000,'2016-09-30 11:00:48','2016-09-30 11:00:48'),(112,97,40000,55000,'2016-09-30 11:02:54','2016-09-30 11:02:54'),(113,98,30000,40000,'2016-09-30 11:04:08','2016-09-30 11:04:08'),(114,97,40000,55000,'2016-09-30 11:05:01','2016-09-30 11:05:01'),(115,99,45000,65000,'2016-09-30 11:08:55','2016-09-30 11:08:55'),(116,100,28500,50000,'2016-09-30 11:12:38','2016-09-30 11:12:38'),(117,101,30000,60000,'2016-09-30 11:15:09','2016-09-30 11:15:09'),(118,102,35500,50000,'2016-09-30 11:16:24','2016-09-30 11:16:24'),(119,103,25000,30000,'2016-09-30 11:18:45','2016-09-30 11:18:45'),(120,104,50000,75000,'2016-09-30 11:22:13','2016-09-30 11:22:13'),(121,105,25000,40000,'2016-09-30 11:24:25','2016-09-30 11:24:25'),(122,106,40000,65000,'2016-09-30 11:26:15','2016-09-30 11:26:15'),(123,107,40000,75000,'2016-10-04 07:52:28','2016-10-04 07:52:28'),(124,108,35000,80000,'2016-10-04 07:55:16','2016-10-04 07:55:16'),(125,109,45000,80000,'2016-10-04 07:57:38','2016-10-04 07:57:38'),(126,110,17500,45000,'2016-10-04 08:10:54','2016-10-04 08:10:54'),(127,111,18500,50000,'2016-10-04 08:13:19','2016-10-04 08:13:19'),(128,112,19500,55000,'2016-10-04 08:15:34','2016-10-04 08:15:34'),(129,113,20000,60000,'2016-10-04 08:17:31','2016-10-04 08:17:31'),(130,114,40000,75000,'2016-10-04 08:19:46','2016-10-04 08:19:46'),(131,92,15000,19500,'2016-10-04 08:30:08','2016-10-04 08:30:08'),(132,115,10000,12500,'2016-10-04 09:00:16','2016-10-04 09:00:16'),(133,116,15000,20000,'2016-10-04 09:05:30','2016-10-04 09:05:30'),(134,117,18000,25000,'2016-10-04 09:07:43','2016-10-04 09:07:43'),(135,118,20000,35000,'2016-10-04 09:08:33','2016-10-04 09:08:33'),(136,119,25000,40000,'2016-10-04 09:10:48','2016-10-04 09:10:48'),(137,120,17000,30000,'2016-10-04 09:12:34','2016-10-04 09:12:34'),(138,121,20000,37500,'2016-10-04 09:15:15','2016-10-04 09:15:15'),(139,122,20000,32500,'2016-10-04 09:17:46','2016-10-04 09:17:46'),(140,123,20000,50000,'2016-10-04 09:21:44','2016-10-04 09:21:44'),(141,124,25000,55000,'2016-10-04 09:24:17','2016-10-04 09:24:17'),(142,125,35000,55000,'2016-10-04 09:34:03','2016-10-04 09:34:03'),(143,114,40000,75000,'2016-10-04 09:41:42','2016-10-04 09:41:42'),(144,126,15000,30000,'2016-10-04 09:51:57','2016-10-04 09:51:57'),(145,127,20000,40000,'2016-10-04 09:54:04','2016-10-04 09:54:04'),(146,128,25000,55000,'2016-10-04 09:55:18','2016-10-04 09:55:18'),(147,129,25000,45000,'2016-10-04 09:58:10','2016-10-04 09:58:10'),(148,130,15000,30000,'2016-10-04 09:59:32','2016-10-04 09:59:32'),(149,131,30000,45000,'2016-10-04 10:11:54','2016-10-04 10:11:54'),(150,132,30000,60000,'2016-10-04 10:13:45','2016-10-04 10:13:45'),(151,132,30000,60000,'2016-10-04 10:15:38','2016-10-04 10:15:38'),(152,133,35000,55000,'2016-10-04 10:16:47','2016-10-04 10:16:47'),(153,134,40000,70000,'2016-10-04 10:18:01','2016-10-04 10:18:01'),(154,135,45000,80000,'2016-10-04 10:23:03','2016-10-04 10:23:03'),(155,136,50000,90000,'2016-10-04 10:27:04','2016-10-04 10:27:04'),(156,132,30000,60000,'2016-10-04 10:30:56','2016-10-04 10:30:56'),(157,135,45000,80000,'2016-10-04 10:32:17','2016-10-04 10:32:17'),(158,137,50000,85000,'2016-10-04 10:35:34','2016-10-04 10:35:34'),(159,138,60000,130000,'2016-10-04 10:36:47','2016-10-04 10:36:47'),(160,139,65000,120000,'2016-10-04 10:37:45','2016-10-04 10:37:45'),(161,140,55000,100000,'2016-10-04 10:40:21','2016-10-04 10:40:21'),(162,141,60000,110000,'2016-10-04 10:42:57','2016-10-04 10:42:57'),(163,141,60000,110000,'2016-10-04 10:43:58','2016-10-04 10:43:58'),(164,142,30000,60000,'2016-10-11 07:51:03','2016-10-11 07:51:03'),(165,143,37000,60000,'2016-10-11 07:53:15','2016-10-11 07:53:15'),(166,144,35000,60000,'2016-10-11 07:54:45','2016-10-11 07:54:45'),(167,142,30000,60000,'2016-10-11 07:55:43','2016-10-11 07:55:43'),(168,145,35000,70000,'2016-10-11 08:01:03','2016-10-11 08:01:03'),(169,146,45000,80000,'2016-10-11 08:02:28','2016-10-11 08:02:28'),(170,147,30000,50000,'2016-10-11 08:13:32','2016-10-11 08:13:32'),(171,148,25000,50000,'2016-10-11 08:14:46','2016-10-11 08:14:46'),(172,149,30000,50000,'2016-10-11 08:15:56','2016-10-11 08:15:56'),(173,150,70000,100000,'2016-10-11 08:20:52','2016-10-11 08:20:52'),(174,151,55000,80000,'2016-10-11 08:23:42','2016-10-11 08:23:42'),(175,152,40000,80000,'2016-10-11 08:25:48','2016-10-11 08:25:48'),(176,153,40000,80000,'2016-10-11 08:28:40','2016-10-11 08:28:40'),(177,154,40000,70000,'2016-10-11 08:37:02','2016-10-11 08:37:02'),(178,154,40000,70000,'2016-10-11 08:42:34','2016-10-11 08:42:34'),(179,155,40000,70000,'2016-10-11 08:45:33','2016-10-11 08:45:33'),(180,156,60000,100000,'2016-10-11 08:49:08','2016-10-11 08:49:08'),(181,157,55000,90000,'2016-10-11 08:50:47','2016-10-11 08:50:47'),(182,158,65000,132500,'2016-10-11 08:55:06','2016-10-11 08:55:06'),(183,142,30000,60000,'2016-10-11 08:58:06','2016-10-11 08:58:06'),(184,159,60000,120000,'2016-10-11 09:01:40','2016-10-11 09:01:40'),(185,160,60000,90000,'2016-10-11 09:04:52','2016-10-11 09:04:52'),(186,161,45000,70000,'2016-10-11 09:06:06','2016-10-11 09:06:06'),(187,162,40000,65000,'2016-10-11 09:08:38','2016-10-11 09:08:38'),(188,163,40000,80000,'2016-10-11 09:10:45','2016-10-11 09:10:45'),(189,154,40000,70000,'2016-10-11 09:13:25','2016-10-11 09:13:25'),(190,145,35000,70000,'2016-10-11 09:15:10','2016-10-11 09:15:10'),(191,146,45000,80000,'2016-10-11 09:17:07','2016-10-11 09:17:07'),(192,161,45000,70000,'2016-10-11 09:36:08','2016-10-11 09:36:08'),(193,164,30000,45000,'2016-10-11 09:37:15','2016-10-11 09:37:15'),(194,147,30000,50000,'2016-10-11 09:41:45','2016-10-11 09:41:45'),(195,165,25000,45000,'2016-10-11 09:43:15','2016-10-11 09:43:15'),(196,166,25000,40000,'2016-10-11 09:44:47','2016-10-11 09:44:47'),(197,167,20000,45000,'2016-10-11 09:46:32','2016-10-11 09:46:32'),(198,168,70000,105000,'2016-10-11 09:50:03','2016-10-11 09:50:03'),(199,169,50000,80000,'2016-10-11 09:55:09','2016-10-11 09:55:09'),(200,170,70000,100000,'2016-10-11 09:57:18','2016-10-11 09:57:18'),(201,171,60000,100000,'2016-10-11 09:58:33','2016-10-11 09:58:33'),(202,172,60000,80000,'2016-10-11 09:59:33','2016-10-11 09:59:33'),(203,173,55000,75000,'2016-10-11 10:01:12','2016-10-11 10:01:12'),(204,174,40000,70000,'2016-10-11 10:02:06','2016-10-11 10:02:06'),(205,175,65000,110000,'2016-10-11 10:04:51','2016-10-11 10:04:51'),(206,175,65000,110000,'2016-10-11 10:07:18','2016-10-11 10:07:18'),(207,170,70000,100000,'2016-10-11 10:09:28','2016-10-11 10:09:28'),(208,142,30000,60000,'2016-10-11 10:10:55','2016-10-11 10:10:55'),(209,176,70000,133000,'2016-10-11 10:13:16','2016-10-11 10:13:16'),(210,145,35000,70000,'2016-10-11 10:14:56','2016-10-11 10:14:56'),(211,177,30000,55000,'2016-10-11 10:16:53','2016-10-11 10:16:53'),(212,178,115000,180000,'2016-10-18 07:09:39','2016-10-18 07:09:39'),(213,179,120000,190000,'2016-10-18 07:12:46','2016-10-18 07:12:46'),(214,180,45000,100000,'2016-10-18 07:16:17','2016-10-18 07:16:17'),(215,181,75000,100000,'2016-10-18 07:17:48','2016-10-18 07:17:48'),(216,182,140000,190000,'2016-10-18 07:20:26','2016-10-18 07:20:26'),(217,183,85000,125000,'2016-10-18 07:21:31','2016-10-18 07:21:31'),(218,184,35000,70000,'2016-10-18 07:24:09','2016-10-18 07:24:09'),(219,185,35000,87500,'2016-10-18 07:25:11','2016-10-18 07:25:11'),(220,186,50000,100000,'2016-10-18 07:27:10','2016-10-18 07:27:10'),(221,187,40000,80000,'2016-10-18 07:28:47','2016-10-18 07:28:47'),(222,188,80000,120000,'2016-10-18 07:30:24','2016-10-18 07:30:24'),(223,188,80000,120000,'2016-10-18 07:31:48','2016-10-18 07:31:48'),(224,189,95000,185000,'2016-10-18 07:33:03','2016-10-18 07:33:03'),(225,190,0,200000,'2016-10-18 07:34:11','2016-10-18 07:34:11'),(226,191,80000,100000,'2016-10-18 07:48:40','2016-10-18 07:48:40'),(227,192,100000,150000,'2016-10-18 07:49:47','2016-10-18 07:49:47'),(228,193,40000,70000,'2016-10-18 07:52:35','2016-10-18 07:52:35'),(229,194,60000,100000,'2016-10-18 07:54:48','2016-10-18 07:54:48'),(230,195,30000,60000,'2016-10-18 08:05:33','2016-10-18 08:05:33'),(231,196,50000,100000,'2016-10-18 08:20:21','2016-10-18 08:20:21'),(232,196,50000,100000,'2016-10-18 08:36:25','2016-10-18 08:36:25'),(233,195,30000,60000,'2016-10-18 08:42:50','2016-10-18 08:42:50'),(234,197,50000,80000,'2016-10-18 09:41:48','2016-10-18 09:41:48'),(235,198,60000,120000,'2016-10-18 09:43:33','2016-10-18 09:43:33'),(236,196,50000,100000,'2016-10-18 09:48:37','2016-10-18 09:48:37'),(237,195,30000,60000,'2016-10-18 09:49:45','2016-10-18 09:49:45'),(238,198,60000,120000,'2016-10-18 09:51:35','2016-10-18 09:51:35'),(239,196,50000,100000,'2016-10-18 09:53:19','2016-10-18 09:53:19'),(240,198,60000,120000,'2016-10-18 09:55:41','2016-10-18 09:55:41'),(241,197,50000,80000,'2016-10-18 09:56:42','2016-10-18 09:56:42'),(242,198,60000,120000,'2016-10-18 09:58:22','2016-10-18 09:58:22'),(243,198,60000,120000,'2016-10-18 10:00:24','2016-10-18 10:00:24'),(244,197,50000,80000,'2016-10-18 10:02:47','2016-10-18 10:02:47'),(245,199,90000,140000,'2016-10-18 10:05:16','2016-10-18 10:05:16'),(246,200,60000,130000,'2016-10-18 10:07:22','2016-10-18 10:07:22'),(247,201,60000,130000,'2016-10-18 10:08:44','2016-10-18 10:08:44'),(248,199,90000,140000,'2016-10-18 10:09:57','2016-10-18 10:09:57'),(249,178,115000,180000,'2016-10-18 10:10:40','2016-10-18 10:10:40'),(250,202,75000,150000,'2016-10-18 10:32:38','2016-10-18 10:32:38'),(251,202,75000,150000,'2016-10-18 10:34:35','2016-10-18 10:34:35'),(252,51,30000,70000,'2016-10-18 10:36:38','2016-10-18 10:36:38'),(253,203,60000,100000,'2016-10-18 10:40:33','2016-10-18 10:40:33'),(254,204,75000,150000,'2016-10-18 10:43:34','2016-10-18 10:43:34'),(255,205,125000,175000,'2016-10-18 10:46:35','2016-10-18 10:46:35'),(256,206,60000,80000,'2016-10-18 10:47:56','2016-10-18 10:47:56'),(257,207,40000,70000,'2016-10-18 10:48:57','2016-10-18 10:48:57'),(258,208,140000,200000,'2016-10-18 10:49:59','2016-10-18 10:49:59'),(259,209,65000,150000,'2016-10-18 10:59:21','2016-10-18 10:59:21'),(260,198,60000,120000,'2016-10-18 11:00:50','2016-10-18 11:00:50'),(261,210,70000,110000,'2016-10-18 11:02:19','2016-10-18 11:02:19'),(262,211,100000,175000,'2016-10-18 11:03:43','2016-10-18 11:03:43'),(263,212,150000,200000,'2016-10-18 11:05:02','2016-10-18 11:05:02'),(264,213,50000,100000,'2016-10-18 11:06:25','2016-10-18 11:06:25'),(265,214,90000,140000,'2016-10-18 11:11:09','2016-10-18 11:11:09'),(266,197,50000,80000,'2016-10-18 11:15:04','2016-10-18 11:15:04'),(267,215,40000,80000,'2016-10-18 11:18:21','2016-10-18 11:18:21'),(268,49,30000,50000,'2016-10-18 11:21:28','2016-10-18 11:21:28'),(269,216,110000,150000,'2016-10-18 11:25:26','2016-10-18 11:25:26'),(270,217,70000,140000,'2016-10-18 11:26:36','2016-10-18 11:26:36'),(271,218,90000,125000,'2016-10-18 11:27:38','2016-10-18 11:27:38'),(272,219,50000,80000,'2016-10-18 11:29:36','2016-10-18 11:29:36'),(273,220,80000,100000,'2016-10-18 11:31:15','2016-10-18 11:31:15'),(274,221,25000,35000,'2016-10-20 07:08:43','2016-10-20 07:08:43'),(275,222,30000,40000,'2016-10-20 07:11:32','2016-10-20 07:11:32'),(276,223,25000,40000,'2016-10-20 07:12:39','2016-10-20 07:12:39'),(277,224,30000,45000,'2016-10-20 07:13:54','2016-10-20 07:13:54'),(278,225,30000,50000,'2016-10-20 07:15:43','2016-10-20 07:15:43'),(279,226,35000,55000,'2016-10-20 07:18:44','2016-10-20 07:18:44'),(280,227,20000,27500,'2016-10-20 07:20:09','2016-10-20 07:20:09'),(281,228,30000,40000,'2016-10-20 07:21:27','2016-10-20 07:21:27'),(282,229,30000,45000,'2016-10-20 07:23:07','2016-10-20 07:23:07'),(283,230,35000,40000,'2016-10-20 07:24:18','2016-10-20 07:24:18'),(284,231,35000,50000,'2016-10-20 07:27:24','2016-10-20 07:27:24'),(285,232,20000,40000,'2016-10-20 07:28:40','2016-10-20 07:28:40'),(286,233,70000,100000,'2016-10-20 07:30:32','2016-10-20 07:30:32'),(287,234,40000,65000,'2016-10-20 07:32:21','2016-10-20 07:32:21'),(288,235,45000,75000,'2016-10-20 07:33:50','2016-10-20 07:33:50'),(289,236,38000,60000,'2016-10-20 07:35:59','2016-10-20 07:35:59'),(290,237,30000,57500,'2016-10-20 07:37:24','2016-10-20 07:37:24'),(291,238,75000,100000,'2016-10-20 08:03:33','2016-10-20 08:03:33'),(292,195,30000,60000,'2016-10-20 08:10:16','2016-10-20 08:10:16'),(293,48,50000,90000,'2016-10-20 08:13:21','2016-10-20 08:13:21'),(294,239,30000,45000,'2016-10-20 08:17:14','2016-10-20 08:17:14'),(295,240,40000,75000,'2016-10-20 08:18:14','2016-10-20 08:18:14'),(296,241,25000,30000,'2016-10-20 08:20:13','2016-10-20 08:20:13'),(297,242,40000,55000,'2016-10-20 08:23:40','2016-10-20 08:23:40'),(298,243,20000,45000,'2016-10-20 08:25:54','2016-10-20 08:25:54'),(299,244,120000,180000,'2016-10-20 08:27:33','2016-10-20 08:27:33'),(300,197,50000,80000,'2016-10-20 08:29:54','2016-10-20 08:29:54'),(301,49,30000,50000,'2016-10-20 08:33:14','2016-10-20 08:33:14'),(302,68,27500,55000,'2016-10-20 08:34:53','2016-10-20 08:34:53'),(303,74,25000,45000,'2016-10-20 08:38:36','2016-10-20 08:38:36'),(304,245,85000,200000,'2016-10-20 08:41:11','2016-10-20 08:41:11'),(305,246,50000,80000,'2016-10-20 08:42:44','2016-10-20 08:42:44'),(306,247,85000,140000,'2016-10-20 08:44:13','2016-10-20 08:44:13'),(307,248,30000,80000,'2016-10-20 08:46:06','2016-10-20 08:46:06'),(308,249,75000,150000,'2016-10-20 08:47:52','2016-10-20 08:47:52'),(309,250,40000,75000,'2016-10-20 08:51:27','2016-10-20 08:51:27'),(310,4,33000,45000,'2016-10-20 08:53:47','2016-10-20 08:53:47'),(311,251,75000,100000,'2016-10-20 09:41:51','2016-10-20 09:41:51'),(312,252,75000,150000,'2016-10-20 09:45:10','2016-10-20 09:45:10'),(313,253,45000,120000,'2016-10-20 09:46:42','2016-10-20 09:46:42'),(314,254,40000,60000,'2016-10-20 09:47:55','2016-10-20 09:47:55'),(315,43,28000,70000,'2016-10-20 09:49:45','2016-10-20 09:49:45'),(316,68,27500,55000,'2016-10-20 09:50:16','2016-10-20 09:50:16'),(317,255,65000,90000,'2016-10-20 09:51:43','2016-10-20 09:51:43'),(318,256,70000,125000,'2016-10-20 09:52:39','2016-10-20 09:52:39'),(319,257,90000,147500,'2016-10-20 09:54:46','2016-10-20 09:54:46'),(320,258,155000,195000,'2016-10-20 10:00:03','2016-10-20 10:00:03'),(321,259,155000,200000,'2016-10-20 10:01:35','2016-10-20 10:01:35'),(322,260,70000,130000,'2016-10-20 10:03:00','2016-10-20 10:03:00'),(323,261,95000,125000,'2016-10-20 10:08:59','2016-10-20 10:08:59'),(324,151,55000,80000,'2016-10-20 10:11:42','2016-10-20 10:11:42'),(325,64,22500,45000,'2016-10-20 10:18:30','2016-10-20 10:18:30'),(326,59,13000,25000,'2016-10-20 10:20:21','2016-10-20 10:20:21'),(327,62,18000,30000,'2016-10-20 10:22:28','2016-10-20 10:22:28'),(328,26,20000,29000,'2016-10-20 10:23:50','2016-10-20 10:23:50'),(329,262,10000,15000,'2016-10-20 10:25:27','2016-10-20 10:25:27'),(330,263,12000,20000,'2016-10-20 10:27:23','2016-10-20 10:27:23'),(331,264,60000,85000,'2016-10-20 10:33:40','2016-10-20 10:33:40'),(332,265,30000,45000,'2016-10-20 10:34:37','2016-10-20 10:34:37'),(333,266,55000,75000,'2016-10-20 10:36:06','2016-10-20 10:36:06'),(334,264,60000,85000,'2016-10-20 10:36:43','2016-10-20 10:36:43'),(335,267,50000,70000,'2016-10-20 10:37:28','2016-10-20 10:37:28'),(336,268,30000,40000,'2016-10-20 10:38:09','2016-10-20 10:38:09'),(337,269,60000,100000,'2016-10-20 10:39:25','2016-10-20 10:39:25'),(338,270,110000,140000,'2016-10-20 10:40:06','2016-10-20 10:40:06'),(339,271,9000,15000,'2016-10-27 06:28:00','2016-10-27 06:28:00'),(340,272,20000,30000,'2016-10-27 06:32:39','2016-10-27 06:32:39'),(341,272,20000,30000,'2016-10-27 06:34:07','2016-10-27 06:34:07'),(342,273,20000,35000,'2016-10-27 06:36:46','2016-10-27 06:36:46'),(343,273,20000,35000,'2016-10-27 06:37:54','2016-10-27 06:37:54'),(344,274,25000,55000,'2016-10-27 06:40:01','2016-10-27 06:40:01'),(345,275,20000,30000,'2016-10-27 06:41:13','2016-10-27 06:41:13'),(346,276,15000,25000,'2016-10-27 06:48:13','2016-10-27 06:48:13'),(347,277,13000,18000,'2016-10-27 06:49:44','2016-10-27 06:49:44'),(348,278,20000,27500,'2016-10-27 06:51:13','2016-10-27 06:51:13'),(349,279,20000,25000,'2016-10-27 06:53:04','2016-10-27 06:53:04'),(350,280,30000,37000,'2016-10-27 06:54:39','2016-10-27 06:54:39'),(351,281,40000,60000,'2016-10-27 07:02:11','2016-10-27 07:02:11'),(352,282,20000,26000,'2016-10-27 07:04:27','2016-10-27 07:04:27'),(353,283,45000,70000,'2016-10-27 07:07:04','2016-10-27 07:07:04'),(354,284,40000,65000,'2016-10-27 07:10:05','2016-10-27 07:10:05'),(355,285,35000,50000,'2016-10-27 07:12:29','2016-10-27 07:12:29'),(356,286,20000,25000,'2016-10-27 07:15:10','2016-10-27 07:15:10'),(357,287,20000,25000,'2016-10-27 07:18:06','2016-10-27 07:18:06'),(358,288,20000,28000,'2016-10-27 07:19:12','2016-10-27 07:19:12'),(359,289,30000,40000,'2016-10-27 07:20:48','2016-10-27 07:20:48'),(360,290,40000,55000,'2016-10-27 07:22:14','2016-10-27 07:22:14'),(361,291,10000,14000,'2016-10-27 07:23:36','2016-10-27 07:23:36'),(362,292,20000,28000,'2016-10-27 07:24:41','2016-10-27 07:24:41'),(363,293,25000,30000,'2016-10-27 07:25:58','2016-10-27 07:25:58'),(364,294,10000,15000,'2016-10-27 07:29:56','2016-10-27 07:29:56'),(365,295,13000,23000,'2016-10-27 07:35:17','2016-10-27 07:35:17'),(366,271,9000,15000,'2016-10-27 07:45:36','2016-10-27 07:45:36'),(367,291,10000,14000,'2016-10-27 07:57:14','2016-10-27 07:57:14'),(368,286,20000,25000,'2016-10-27 07:58:43','2016-10-27 07:58:43'),(369,296,10000,16000,'2016-10-27 07:59:33','2016-10-27 07:59:33'),(370,297,10000,17500,'2016-10-27 08:02:13','2016-10-27 08:02:13'),(371,298,8000,10000,'2016-10-27 08:03:46','2016-10-27 08:03:46'),(372,299,5000,8000,'2016-10-27 08:05:04','2016-10-27 08:05:04'),(373,39,40000,80000,'2016-11-01 09:15:01','2016-11-01 09:15:01'),(374,300,30000,55000,'2016-11-01 09:16:37','2016-11-01 09:16:37'),(375,39,40000,80000,'2016-11-01 09:22:17','2016-11-01 09:22:17'),(376,301,125000,170000,'2016-11-01 09:25:00','2016-11-01 09:25:00'),(377,302,130000,180000,'2016-11-01 09:26:55','2016-11-01 09:26:55'),(378,41,50000,90000,'2016-11-01 09:32:30','2016-11-01 09:32:30'),(379,303,95000,150000,'2016-11-01 09:34:58','2016-11-01 09:34:58'),(380,41,50000,90000,'2016-11-01 09:40:55','2016-11-01 09:40:55'),(381,304,135000,185000,'2016-11-01 09:45:44','2016-11-01 09:45:44'),(382,305,145000,195000,'2016-11-01 09:48:41','2016-11-01 09:48:41'),(383,152,40000,80000,'2016-11-01 09:50:07','2016-11-01 09:50:07'),(384,195,30000,60000,'2016-11-01 09:50:38','2016-11-01 09:50:38'),(385,196,50000,100000,'2016-11-01 09:51:19','2016-11-01 09:51:19'),(386,170,70000,100000,'2016-11-01 09:51:57','2016-11-01 09:51:57'),(387,147,30000,50000,'2016-11-01 09:52:26','2016-11-01 09:52:26'),(388,39,40000,80000,'2016-11-17 06:06:23','2016-11-17 06:06:23'),(389,68,30000,55000,'2016-11-17 06:15:46','2016-11-17 06:15:46'),(390,41,50000,90000,'2016-11-17 06:34:41','2016-11-17 06:34:41'),(391,41,50000,90000,'2016-11-17 06:34:58','2016-11-17 06:34:58'),(392,39,40000,80000,'2016-11-17 06:42:00','2016-11-17 06:42:00'),(393,306,85000,140000,'2016-11-17 06:44:50','2016-11-17 06:44:50'),(394,307,50000,80000,'2016-11-17 06:49:09','2016-11-17 06:49:09'),(395,308,55000,90000,'2016-11-17 06:54:22','2016-11-17 06:54:22'),(396,135,45000,80000,'2016-11-17 06:59:53','2016-11-17 06:59:53'),(397,136,50000,90000,'2016-11-17 07:02:03','2016-11-17 07:02:03'),(398,309,60000,90000,'2016-11-17 07:04:52','2016-11-17 07:04:52'),(399,310,75000,130000,'2016-11-17 07:08:12','2016-11-17 07:08:12'),(400,41,50000,90000,'2016-11-17 07:12:51','2016-11-17 07:12:51'),(401,304,135000,185000,'2016-11-17 07:16:07','2016-11-17 07:16:07');
/*!40000 ALTER TABLE `item_histories` ENABLE KEYS */;
UNLOCK TABLES;

--
-- Table structure for table `item_reject`
--

DROP TABLE IF EXISTS `item_reject`;
/*!40101 SET @saved_cs_client     = @@character_set_client */;
/*!40101 SET character_set_client = utf8 */;
CREATE TABLE `item_reject` (
  `id` int(10) unsigned NOT NULL AUTO_INCREMENT,
  `item_id` int(10) unsigned NOT NULL DEFAULT '0',
  `qty` int(11) unsigned NOT NULL DEFAULT '0',
  `created_at` timestamp NULL DEFAULT NULL,
  `updated_at` timestamp NULL DEFAULT NULL,
  PRIMARY KEY (`id`),
  KEY `item_id` (`item_id`),
  CONSTRAINT `item_id` FOREIGN KEY (`item_id`) REFERENCES `items` (`id`) ON DELETE CASCADE ON UPDATE CASCADE
) ENGINE=InnoDB DEFAULT CHARSET=latin1;
/*!40101 SET character_set_client = @saved_cs_client */;

--
-- Dumping data for table `item_reject`
--

LOCK TABLES `item_reject` WRITE;
/*!40000 ALTER TABLE `item_reject` DISABLE KEYS */;
/*!40000 ALTER TABLE `item_reject` ENABLE KEYS */;
UNLOCK TABLES;

--
-- Table structure for table `items`
--

DROP TABLE IF EXISTS `items`;
/*!40101 SET @saved_cs_client     = @@character_set_client */;
/*!40101 SET character_set_client = utf8 */;
CREATE TABLE `items` (
  `id` int(10) unsigned NOT NULL AUTO_INCREMENT,
  `code` varchar(255) COLLATE utf8_unicode_ci NOT NULL,
  `vendor_id` int(10) unsigned NOT NULL,
  `type_id` int(10) unsigned NOT NULL,
  `material_id` int(10) unsigned NOT NULL,
  `note` varchar(255) COLLATE utf8_unicode_ci NOT NULL,
  `purchase_price` int(11) NOT NULL,
  `sell_price` int(11) NOT NULL,
  `quantity` int(11) NOT NULL,
  `created_at` timestamp NULL DEFAULT NULL,
  `updated_at` timestamp NULL DEFAULT NULL,
  PRIMARY KEY (`id`),
  UNIQUE KEY `items_code_unique` (`code`),
  KEY `vendor_id` (`vendor_id`,`type_id`,`material_id`),
  KEY `type_id` (`type_id`),
  KEY `material_id` (`material_id`),
  CONSTRAINT `items_ibfk_1` FOREIGN KEY (`vendor_id`) REFERENCES `vendors` (`id`) ON DELETE CASCADE ON UPDATE CASCADE,
  CONSTRAINT `items_ibfk_2` FOREIGN KEY (`type_id`) REFERENCES `types` (`id`) ON DELETE CASCADE ON UPDATE CASCADE,
  CONSTRAINT `items_ibfk_3` FOREIGN KEY (`material_id`) REFERENCES `materials` (`id`) ON DELETE CASCADE ON UPDATE CASCADE
) ENGINE=InnoDB AUTO_INCREMENT=311 DEFAULT CHARSET=utf8 COLLATE=utf8_unicode_ci;
/*!40101 SET character_set_client = @saved_cs_client */;

--
-- Dumping data for table `items`
--

LOCK TABLES `items` WRITE;
/*!40000 ALTER TABLE `items` DISABLE KEYS */;
INSERT INTO `items` VALUES (1,'2-1-1-mataram',2,1,1,'mataram',27000,45000,6,'2016-09-24 09:49:08','2016-09-24 09:49:08'),(2,'2-2-1-mataram',2,2,1,'mataram',30000,60000,2,'2016-09-24 10:36:23','2016-10-22 11:01:45'),(3,'2-1-2-sw',2,1,2,'sw',27000,45000,18,'2016-09-24 10:45:46','2016-10-08 10:18:57'),(4,'2-1-4-pr',2,1,4,'pr',33000,45000,5,'2016-09-24 10:51:37','2016-11-17 08:28:56'),(5,'2-2-4-pr',2,2,4,'pr',33000,45000,1,'2016-09-24 11:07:18','2016-09-27 08:26:36'),(6,'2-2-2-sw',2,2,2,'sw',33000,45000,2,'2016-09-24 11:09:08','2016-09-24 11:09:08'),(7,'2-1-1-tb',2,1,1,'tb',24000,40000,2,'2016-09-24 11:22:40','2016-11-01 10:28:18'),(8,'2-1-1-s',2,1,1,'s',21000,35000,7,'2016-09-24 11:29:11','2016-09-24 11:29:11'),(9,'2-28-1-pd',2,28,1,'pd',20000,35000,26,'2016-09-24 11:57:28','2016-09-27 08:28:25'),(10,'2-28-1-pjs',2,28,1,'pjs',35000,50000,2,'2016-09-24 12:20:33','2016-09-24 12:20:33'),(11,'2-28-1-pj',2,28,1,'pj',24000,40000,3,'2016-09-24 12:22:37','2016-09-24 12:22:37'),(12,'14-28-3-pl',14,28,3,'pl',50000,80000,4,'2016-09-25 07:00:20','2016-11-10 06:00:27'),(13,'14-16-1-pj',14,16,1,'pj',85000,140000,2,'2016-09-25 07:09:09','2016-10-27 06:15:33'),(14,'11-28-1-a',11,28,1,'a',55000,80000,8,'2016-09-25 07:16:20','2016-09-25 07:16:20'),(15,'1-16-3-pd',1,16,3,'pd',105000,150000,2,'2016-09-25 07:55:14','2016-09-25 07:55:14'),(16,'13-6-5-kb',13,6,5,'kb',33000,80000,21,'2016-09-25 08:03:43','2016-10-04 07:08:23'),(17,'17-28-4-py',17,28,4,'py',45000,80000,1,'2016-09-25 08:17:49','2016-09-25 08:17:49'),(18,'15-1-1-gas',15,1,1,'gas',28000,70000,25,'2016-09-25 08:25:44','2016-09-25 08:25:44'),(19,'10-8-6-xl',10,8,6,'xl',40000,60000,9,'2016-09-25 09:34:50','2016-11-14 11:24:36'),(20,'10-8-6-M',10,8,6,'M',40000,60000,0,'2016-09-25 09:52:52','2016-09-27 08:28:25'),(21,'10-8-6-XXL',10,8,6,'XXL',52000,70000,1,'2016-09-25 09:55:56','2016-10-04 07:19:25'),(22,'10-8-6-AN',10,8,6,'AN',25000,45000,34,'2016-09-25 10:30:59','2016-09-25 10:30:59'),(23,'7-14-7-0',7,14,7,'0',18000,25000,5,'2016-09-25 11:14:29','2016-11-10 06:01:53'),(24,'7-14-7-0W',7,14,7,'0W',20000,26000,6,'2016-09-25 11:18:39','2016-09-25 11:18:39'),(25,'7-14-7-SML',7,14,7,'SML',22000,31000,6,'2016-09-25 11:39:48','2016-09-25 11:39:48'),(26,'7-14-7-STH',7,14,7,'STH',20000,29000,5,'2016-09-25 12:00:58','2016-10-22 11:00:24'),(27,'7-27-7-S',7,27,7,'S',15500,28000,9,'2016-09-27 08:36:12','2016-09-27 08:36:12'),(28,'7-27-7-M',7,27,7,'M',15500,28000,8,'2016-09-27 08:41:51','2016-09-27 08:41:51'),(29,'7-27-7-L',7,27,7,'L',18000,31000,7,'2016-09-27 08:45:16','2016-09-27 08:45:16'),(30,'7-27-7-XL',7,27,7,'XL',19000,34000,6,'2016-09-27 08:47:39','2016-09-27 08:47:39'),(31,'7-27-7-XXL',7,27,7,'XXL',24000,37000,6,'2016-09-27 08:53:29','2016-09-27 08:53:29'),(32,'1-2-1-PR',1,2,1,'PR',70000,120000,10,'2016-09-27 10:39:37','2016-10-04 06:43:32'),(33,'1-2-1-GR',1,2,1,'GR',60000,120000,3,'2016-09-27 10:44:07','2016-09-27 10:44:07'),(34,'1-2-1-PJD',1,2,1,'PJD',60000,120000,5,'2016-09-27 10:48:54','2016-09-27 10:48:54'),(35,'1-2-1-PJD XXL',1,2,1,'PJD XXL',70000,140000,4,'2016-09-27 10:51:17','2016-09-27 10:51:17'),(36,'18-2-1-M',18,2,1,'M',45000,100000,0,'2016-09-27 10:57:18','2016-11-17 08:26:45'),(37,'18-2-1-Cap',18,2,1,'Cap',55000,120000,2,'2016-09-27 10:59:27','2016-09-27 10:59:27'),(38,'5-2-1-PJR',5,2,1,'PJR',35000,90000,1,'2016-09-27 11:00:56','2016-09-27 11:00:56'),(39,'1-1-1-Melati',1,1,1,'Melati',40000,80000,18,'2016-09-27 11:12:36','2016-11-17 06:42:00'),(40,'5-1-1-Melati',5,1,1,'Melati',30000,70000,0,'2016-09-27 11:16:25','2016-11-17 08:30:23'),(41,'1-1-1-PR',1,1,1,'PR',50000,90000,34,'2016-09-27 11:23:43','2016-11-17 07:12:51'),(42,'5-1-1-PR',5,1,1,'PR',35000,90000,7,'2016-09-27 11:26:02','2016-11-14 11:33:56'),(43,'5-1-1-H',5,1,1,'H',28000,70000,2,'2016-09-27 11:34:34','2016-11-17 08:30:23'),(44,'1-1-1-keong',1,1,1,'keong',35000,80000,2,'2016-09-27 11:37:47','2016-09-27 11:37:47'),(45,'1-1-1-jago',1,1,1,'jago',60000,10000,1,'2016-09-27 11:41:18','2016-09-27 11:41:18'),(46,'1-1-1-melati hijau',1,1,1,'melati hijau',35000,80000,1,'2016-09-27 11:42:59','2016-09-27 11:42:59'),(47,'1-1-1-JKW',1,1,1,'JKW',50000,90000,1,'2016-09-27 11:44:35','2016-09-27 11:44:35'),(48,'1-1-1-CAP',1,1,1,'CAP',50000,90000,4,'2016-09-27 11:45:45','2016-10-20 08:13:21'),(49,'2-1-1-gas',2,1,1,'gas',30000,50000,14,'2016-09-29 06:30:05','2016-11-17 08:26:45'),(50,'2-6-1-gas',2,6,1,'gas',30000,60000,5,'2016-09-29 06:40:05','2016-11-14 11:33:56'),(51,'2-1-3-SS',2,1,3,'SS',30000,70000,5,'2016-09-29 07:51:10','2016-10-18 10:36:38'),(52,'2-1-3-XXX',2,1,3,'XXX',30000,80000,3,'2016-09-29 07:54:28','2016-09-29 07:54:28'),(53,'10-19-1-4',10,19,1,'4',11000,20000,80,'2016-09-29 11:06:58','2016-10-04 07:19:25'),(54,'10-19-1-3',10,19,1,'3',6500,15000,47,'2016-09-29 11:09:44','2016-11-14 11:24:36'),(55,'13-28-1-1',13,28,1,'1',40000,60000,4,'2016-09-30 05:56:00','2016-09-30 05:56:00'),(56,'3-28-1-1',3,28,1,'1',25000,40000,3,'2016-09-30 06:00:13','2016-09-30 06:00:13'),(57,'17-28-4-dy',17,28,4,'dy',30000,60000,1,'2016-09-30 06:03:16','2016-10-15 08:58:31'),(58,'6-1-1-0',6,1,1,'0',12000,20000,6,'2016-09-30 06:11:18','2016-10-22 11:00:24'),(59,'6-1-1-s',6,1,1,'s',13000,25000,10,'2016-09-30 06:16:59','2016-11-10 06:34:35'),(60,'6-1-1-m',6,1,1,'m',14000,26000,5,'2016-09-30 06:23:46','2016-11-14 11:33:56'),(61,'6-1-1-L',6,1,1,'L',15000,27000,14,'2016-09-30 06:37:02','2016-11-14 11:24:36'),(62,'6-1-1-XL',6,1,1,'XL',18000,30000,17,'2016-09-30 06:39:05','2016-10-20 10:22:28'),(63,'6-1-1-XXL',6,1,1,'XXL',19000,32000,12,'2016-09-30 06:43:58','2016-09-30 06:43:58'),(64,'1-1-1-1',1,1,1,'1',22500,45000,2,'2016-09-30 06:57:17','2016-10-20 10:18:30'),(65,'1-1-1-2',1,1,1,'2',22500,45000,13,'2016-09-30 06:59:16','2016-11-14 11:33:56'),(66,'1-1-1-3',1,1,1,'3',22500,45000,16,'2016-09-30 07:03:00','2016-09-30 07:16:38'),(67,'1-1-1-4',1,1,1,'4',22500,45000,9,'2016-09-30 07:04:17','2016-11-17 08:30:23'),(68,'1-1-1-tg',1,1,1,'tg',30000,55000,51,'2016-09-30 07:46:26','2016-11-17 06:15:46'),(69,'12-1-1-6',12,1,1,'6',21000,35000,7,'2016-09-30 07:58:46','2016-09-30 07:58:46'),(70,'12-1-1-12',12,1,1,'12',23000,38000,2,'2016-09-30 08:00:25','2016-10-15 09:09:00'),(71,'12-1-1-m',12,1,1,'m',27000,45000,1,'2016-09-30 08:01:33','2016-09-30 08:01:33'),(72,'12-1-1-XXL',12,1,1,'XXL',36000,60000,5,'2016-09-30 08:03:04','2016-09-30 08:03:04'),(73,'1-1-1-wy',1,1,1,'wy',50000,95000,1,'2016-09-30 08:04:42','2016-09-30 08:04:42'),(74,'17-1-1-1',17,1,1,'1',25000,45000,8,'2016-09-30 08:10:20','2016-10-20 08:38:36'),(75,'6-14-8-0',6,14,8,'0',16000,30000,14,'2016-09-30 08:22:46','2016-09-30 08:24:30'),(76,'6-14-8-XL',6,14,8,'XL',20500,40000,17,'2016-09-30 08:28:29','2016-09-30 08:28:29'),(77,'6-14-8-L',6,14,8,'L',19000,37500,8,'2016-09-30 08:31:09','2016-10-15 08:58:31'),(78,'6-14-8-M',6,14,8,'M',18000,35000,5,'2016-09-30 08:33:08','2016-10-15 09:12:11'),(79,'4-4-1-1',4,4,1,'1',10000,15000,2,'2016-09-30 09:51:47','2016-09-30 09:51:47'),(80,'4-4-1-2',4,4,1,'2',12000,17000,13,'2016-09-30 09:55:20','2016-09-30 09:55:20'),(81,'4-4-1-3',4,4,1,'3',15000,18000,10,'2016-09-30 09:57:46','2016-09-30 09:57:46'),(82,'4-4-1-4',4,4,1,'4',15000,20000,7,'2016-09-30 09:59:40','2016-09-30 09:59:40'),(83,'4-4-1-5',4,4,1,'5',15000,22000,5,'2016-09-30 10:00:51','2016-09-30 10:00:51'),(84,'4-6-1-6',4,6,1,'6',20000,23000,9,'2016-09-30 10:03:03','2016-09-30 10:03:03'),(85,'4-4-1-7',4,4,1,'7',20000,25000,9,'2016-09-30 10:04:31','2016-09-30 10:05:47'),(86,'4-6-1-8',4,6,1,'8',20000,25000,8,'2016-09-30 10:07:20','2016-09-30 10:07:20'),(87,'4-33-1-1',4,33,1,'1',12000,20000,4,'2016-09-30 10:20:40','2016-11-01 09:56:15'),(88,'4-33-1-2',4,33,1,'2',16000,25000,0,'2016-09-30 10:21:38','2016-11-01 09:56:15'),(89,'4-33-1-3',4,33,1,'3',18000,30000,5,'2016-09-30 10:23:21','2016-09-30 10:23:21'),(90,'4-33-1-4',4,33,1,'4',20000,35000,10,'2016-09-30 10:25:51','2016-09-30 10:25:51'),(91,'4-14-1-1',4,14,1,'1',15000,18500,2,'2016-09-30 10:36:54','2016-09-30 10:36:54'),(92,'4-14-1-2',4,14,1,'2',15000,19500,4,'2016-09-30 10:38:06','2016-11-01 10:28:18'),(93,'4-14-1-3',4,14,1,'3',15000,20500,3,'2016-09-30 10:40:38','2016-09-30 10:40:38'),(94,'2-29-1-1',2,29,1,'1',13500,20000,10,'2016-09-30 10:46:58','2016-10-04 07:19:25'),(95,'2-29-1-2',2,29,1,'2',23500,33000,6,'2016-09-30 10:48:51','2016-11-10 06:11:59'),(96,'1-29-1-1',1,29,1,'1',20000,33000,10,'2016-09-30 10:59:18','2016-09-30 11:00:48'),(97,'1-29-1-2',1,29,1,'2',40000,55000,10,'2016-09-30 11:02:54','2016-09-30 11:05:01'),(98,'1-29-1-3',1,29,1,'3',30000,40000,5,'2016-09-30 11:04:08','2016-09-30 11:04:08'),(99,'3-29-1-1',3,29,1,'1',45000,65000,2,'2016-09-30 11:08:55','2016-09-30 11:08:55'),(100,'3-29-1-2',3,29,1,'2',28500,50000,2,'2016-09-30 11:12:38','2016-09-30 11:12:38'),(101,'3-29-1-3',3,29,1,'3',30000,60000,1,'2016-09-30 11:15:09','2016-09-30 11:15:09'),(102,'3-29-1-4',3,29,1,'4',35500,50000,1,'2016-09-30 11:16:24','2016-09-30 11:16:24'),(103,'10-29-1-1',10,29,1,'1',25000,30000,4,'2016-09-30 11:18:45','2016-09-30 11:18:45'),(104,'3-29-1-5',3,29,1,'5',50000,75000,1,'2016-09-30 11:22:13','2016-09-30 11:22:13'),(105,'3-28-1-2',3,28,1,'2',25000,40000,2,'2016-09-30 11:24:25','2016-09-30 11:24:25'),(106,'3-28-1-3',3,28,1,'3',40000,65000,1,'2016-09-30 11:26:15','2016-09-30 11:26:15'),(107,'11-15-4-1',11,15,4,'1',40000,75000,7,'2016-10-04 07:52:28','2016-10-04 07:52:28'),(108,'11-15-4-2',11,15,4,'2',35000,80000,10,'2016-10-04 07:55:16','2016-10-15 09:12:11'),(109,'11-15-4-3',11,15,4,'3',45000,80000,3,'2016-10-04 07:57:38','2016-10-04 07:57:38'),(110,'17-7-1-S',17,7,1,'S',17500,45000,6,'2016-10-04 08:10:54','2016-10-04 08:10:54'),(111,'17-7-1-M',17,7,1,'M',18500,50000,9,'2016-10-04 08:13:19','2016-10-04 08:13:19'),(112,'17-7-1-L',17,7,1,'L',19500,55000,9,'2016-10-04 08:15:34','2016-10-04 08:15:34'),(113,'17-7-1-XL',17,7,1,'XL',20000,60000,7,'2016-10-04 08:17:31','2016-10-04 08:17:31'),(114,'17-7-1-1',17,7,1,'1',40000,75000,8,'2016-10-04 08:19:46','2016-10-04 09:41:42'),(115,'17-12-1-1',17,12,1,'1',10000,12500,1,'2016-10-04 09:00:16','2016-10-04 09:00:16'),(116,'17-12-1-2',17,12,1,'2',15000,20000,16,'2016-10-04 09:05:30','2016-11-01 10:07:20'),(117,'17-12-1-3',17,12,1,'3',18000,25000,1,'2016-10-04 09:07:43','2016-10-04 09:07:43'),(118,'17-12-1-4',17,12,1,'4',20000,35000,1,'2016-10-04 09:08:33','2016-10-15 09:07:27'),(119,'17-12-1-5',17,12,1,'5',25000,40000,10,'2016-10-04 09:10:48','2016-10-04 09:10:48'),(120,'17-12-1-6',17,12,1,'6',17000,30000,6,'2016-10-04 09:12:34','2016-10-15 09:07:27'),(121,'17-12-1-7',17,12,1,'7',20000,37500,3,'2016-10-04 09:15:15','2016-10-04 09:15:15'),(122,'17-12-1-8',17,12,1,'8',20000,32500,9,'2016-10-04 09:17:46','2016-11-10 06:00:27'),(123,'19-12-1-1',19,12,1,'1',20000,50000,10,'2016-10-04 09:21:44','2016-10-04 09:21:44'),(124,'17-12-1-9',17,12,1,'9',25000,55000,9,'2016-10-04 09:24:17','2016-10-04 09:24:17'),(125,'12-12-1-1',12,12,1,'1',35000,55000,14,'2016-10-04 09:34:03','2016-10-04 09:34:03'),(126,'6-12-1-S',6,12,1,'S',15000,30000,0,'2016-10-04 09:51:57','2016-11-10 06:11:59'),(127,'5-12-1-L',5,12,1,'L',20000,40000,5,'2016-10-04 09:54:04','2016-10-04 09:54:04'),(128,'5-12-1-1',5,12,1,'1',25000,55000,3,'2016-10-04 09:55:18','2016-10-22 11:00:24'),(129,'5-12-1-XL',5,12,1,'XL',25000,45000,4,'2016-10-04 09:58:10','2016-11-14 11:29:28'),(130,'5-12-1-M',5,12,1,'M',15000,30000,4,'2016-10-04 09:59:32','2016-10-04 09:59:32'),(131,'1-12-1-1',1,12,1,'1',30000,45000,2,'2016-10-04 10:11:54','2016-10-04 10:11:54'),(132,'1-12-1-Melati',1,12,1,'Melati',30000,60000,7,'2016-10-04 10:13:45','2016-10-15 08:58:31'),(133,'1-12-1-2',1,12,1,'2',35000,55000,2,'2016-10-04 10:16:47','2016-10-04 10:16:47'),(134,'1-12-1-3',1,12,1,'3',40000,70000,5,'2016-10-04 10:18:01','2016-10-04 10:18:01'),(135,'1-12-1-4',1,12,1,'4',45000,80000,17,'2016-10-04 10:23:03','2016-11-17 06:59:53'),(136,'1-12-1-5',1,12,1,'5',50000,90000,7,'2016-10-04 10:27:04','2016-11-17 08:26:45'),(137,'1-7-1-1',1,7,1,'1',50000,85000,1,'2016-10-04 10:35:34','2016-10-04 10:35:34'),(138,'1-7-1-JODHA',1,7,1,'JODHA',60000,130000,1,'2016-10-04 10:36:47','2016-10-04 10:36:47'),(139,'1-7-1-2',1,7,1,'2',65000,120000,0,'2016-10-04 10:37:45','2016-11-10 06:34:35'),(140,'1-7-1-3',1,7,1,'3',55000,100000,10,'2016-10-04 10:40:21','2016-10-04 10:40:21'),(141,'1-7-1-4',1,7,1,'4',60000,110000,9,'2016-10-04 10:42:56','2016-10-04 10:43:58'),(142,'2-6-1-1',2,6,1,'1',30000,60000,12,'2016-10-11 07:51:03','2016-11-17 08:28:56'),(143,'5-6-1-1',5,6,1,'1',37000,60000,2,'2016-10-11 07:53:15','2016-11-17 08:26:45'),(144,'2-6-1-2',2,6,1,'2',35000,60000,1,'2016-10-11 07:54:45','2016-11-17 08:28:56'),(145,'20-6-1-1',20,6,1,'1',35000,70000,9,'2016-10-11 08:01:03','2016-10-27 06:14:32'),(146,'20-6-1-2',20,6,1,'2',45000,80000,1,'2016-10-11 08:02:28','2016-11-14 11:33:56'),(147,'2-6-1-3',2,6,1,'3',30000,50000,8,'2016-10-11 08:13:32','2016-11-01 09:52:26'),(148,'2-6-1-4',2,6,1,'4',25000,50000,1,'2016-10-11 08:14:46','2016-10-11 08:14:46'),(149,'2-5-1-1',2,5,1,'1',30000,50000,4,'2016-10-11 08:15:56','2016-11-10 06:11:59'),(150,'1-5-1-1',1,5,1,'1',70000,100000,4,'2016-10-11 08:20:52','2016-10-11 08:20:52'),(151,'8-6-1-1',8,6,1,'1',55000,80000,4,'2016-10-11 08:23:42','2016-10-20 10:11:42'),(152,'18-6-1-1',18,6,1,'1',40000,80000,7,'2016-10-11 08:25:48','2016-11-01 09:50:07'),(153,'2-6-1-5',2,6,1,'5',40000,80000,2,'2016-10-11 08:28:40','2016-10-11 08:28:40'),(154,'1-5-1-2',1,5,1,'2',40000,70000,18,'2016-10-11 08:37:02','2016-10-11 09:13:25'),(155,'13-6-9-1',13,6,9,'1',40000,70000,4,'2016-10-11 08:45:33','2016-10-11 08:45:33'),(156,'13-5-9-1',13,5,9,'1',60000,100000,4,'2016-10-11 08:49:08','2016-10-11 08:49:08'),(157,'13-5-9-2',13,5,9,'2',55000,90000,3,'2016-10-11 08:50:47','2016-10-11 08:50:47'),(158,'13-6-9-2',13,6,9,'2',65000,132500,3,'2016-10-11 08:55:06','2016-10-11 08:55:06'),(159,'5-6-1-2',5,6,1,'2',60000,120000,3,'2016-10-11 09:01:40','2016-10-11 09:01:40'),(160,'3-5-1-1',3,5,1,'1',60000,90000,1,'2016-10-11 09:04:52','2016-10-18 07:03:27'),(161,'1-3-1-1',1,3,1,'1',45000,70000,3,'2016-10-11 09:06:06','2016-10-11 09:36:08'),(162,'2-5-1-2',2,5,1,'2',40000,65000,1,'2016-10-11 09:08:38','2016-10-22 11:01:45'),(163,'2-6-1-6',2,6,1,'6',40000,80000,2,'2016-10-11 09:10:45','2016-10-11 09:10:45'),(164,'2-4-1-1',2,4,1,'1',30000,45000,11,'2016-10-11 09:37:15','2016-10-11 09:37:15'),(165,'2-4-1-2',2,4,1,'2',25000,45000,2,'2016-10-11 09:43:15','2016-10-11 09:43:15'),(166,'2-4-1-3',2,4,1,'3',25000,40000,4,'2016-10-11 09:44:47','2016-10-11 09:44:47'),(167,'2-4-1-4',2,4,1,'4',20000,45000,1,'2016-10-11 09:46:32','2016-10-22 11:03:26'),(168,'21-5-1-1',21,5,1,'1',70000,105000,2,'2016-10-11 09:50:03','2016-10-11 09:50:03'),(169,'1-5-1-3',1,5,1,'3',50000,80000,2,'2016-10-11 09:55:09','2016-10-11 09:55:09'),(170,'1-30-1-1',1,30,1,'1',70000,100000,4,'2016-10-11 09:57:18','2016-11-01 09:51:57'),(171,'6-30-1-1',6,30,1,'1',60000,100000,1,'2016-10-11 09:58:33','2016-11-10 06:01:53'),(172,'8-30-1-2',8,30,1,'2',60000,80000,1,'2016-10-11 09:59:33','2016-10-11 09:59:33'),(173,'12-30-1-1',12,30,1,'1',55000,75000,1,'2016-10-11 10:01:12','2016-10-11 10:01:12'),(174,'2-30-1-1',2,30,1,'1',40000,70000,4,'2016-10-11 10:02:06','2016-10-11 10:02:06'),(175,'1-5-1-4',1,5,1,'4',65000,110000,4,'2016-10-11 10:04:51','2016-10-11 10:07:18'),(176,'18-30-1-1',18,30,1,'1',70000,133000,1,'2016-10-11 10:13:16','2016-10-11 10:13:16'),(177,'2-6-1-7',2,6,1,'7',30000,55000,1,'2016-10-11 10:16:53','2016-10-11 10:16:53'),(178,'1-12-4-1',1,12,4,'1',115000,180000,4,'2016-10-18 07:09:39','2016-10-18 10:10:40'),(179,'1-12-4-2',1,12,4,'2',120000,190000,3,'2016-10-18 07:12:46','2016-10-18 07:12:46'),(180,'5-12-1-2',5,12,1,'2',45000,100000,3,'2016-10-18 07:16:17','2016-10-18 07:16:17'),(181,'3-12-1-1',3,12,1,'1',75000,100000,2,'2016-10-18 07:17:48','2016-10-18 07:17:48'),(182,'1-15-5-1',1,15,5,'1',140000,190000,1,'2016-10-18 07:20:26','2016-10-18 07:20:26'),(183,'1-15-1-1',1,15,1,'1',85000,125000,1,'2016-10-18 07:21:31','2016-10-18 07:21:31'),(184,'17-13-1-1',17,13,1,'1',35000,70000,1,'2016-10-18 07:24:09','2016-10-18 07:24:09'),(185,'18-12-1-1',18,12,1,'1',35000,87500,1,'2016-10-18 07:25:11','2016-10-18 07:25:11'),(186,'1-12-4-tg',1,12,4,'tg',50000,100000,0,'2016-10-18 07:27:10','2016-11-01 09:58:17'),(187,'8-12-1-1',8,12,1,'1',40000,80000,1,'2016-10-18 07:28:47','2016-10-18 07:28:47'),(188,'3-12-1-3',3,12,1,'3',80000,120000,2,'2016-10-18 07:30:24','2016-10-18 07:31:48'),(189,'3-12-1-4',3,12,1,'4',95000,185000,1,'2016-10-18 07:33:03','2016-10-18 07:33:03'),(190,'17-12-3-1',17,12,3,'1',0,200000,1,'2016-10-18 07:34:11','2016-10-18 07:34:11'),(191,'3-1-3-1',3,1,3,'1',80000,100000,1,'2016-10-18 07:48:40','2016-10-18 07:48:40'),(192,'3-12-3-1',3,12,3,'1',100000,150000,1,'2016-10-18 07:49:47','2016-10-18 07:49:47'),(193,'3-1-1-1',3,1,1,'1',40000,70000,2,'2016-10-18 07:52:35','2016-10-18 07:52:35'),(194,'3-12-1-5',3,12,1,'5',60000,100000,2,'2016-10-18 07:54:48','2016-10-18 07:54:48'),(195,'2-1-1-1',2,1,1,'1',30000,60000,8,'2016-10-18 08:05:33','2016-11-01 09:50:38'),(196,'2-12-1-1',2,12,1,'1',50000,100000,6,'2016-10-18 08:20:21','2016-11-01 09:51:19'),(197,'1-1-1-5',1,1,1,'5',50000,80000,10,'2016-10-18 09:41:48','2016-10-20 08:29:54'),(198,'1-34-1-1',1,34,1,'1',60000,120000,6,'2016-10-18 09:43:33','2016-11-14 11:22:42'),(199,'1-34-4-1',1,34,4,'1',90000,140000,1,'2016-10-18 10:05:16','2016-11-17 08:26:45'),(200,'5-34-4-1',5,34,4,'1',60000,130000,4,'2016-10-18 10:07:22','2016-10-18 10:07:22'),(201,'5-7-4-1',5,7,4,'1',60000,130000,4,'2016-10-18 10:08:44','2016-11-10 06:09:42'),(202,'2-7-3-1',2,7,3,'1',75000,150000,5,'2016-10-18 10:32:38','2016-10-18 10:34:35'),(203,'19-7-1-1',19,7,1,'1',60000,100000,4,'2016-10-18 10:40:33','2016-10-18 10:40:33'),(204,'13-7-9-1',13,7,9,'1',75000,150000,5,'2016-10-18 10:43:34','2016-10-18 10:43:34'),(205,'3-12-3-2',3,12,3,'2',125000,175000,2,'2016-10-18 10:46:35','2016-10-18 10:46:35'),(206,'3-12-3-3',3,12,3,'3',60000,80000,2,'2016-10-18 10:47:56','2016-10-18 10:47:56'),(207,'3-12-1-6',3,12,1,'6',40000,70000,4,'2016-10-18 10:48:57','2016-10-18 10:48:57'),(208,'3-12-1-7',3,12,1,'7',140000,200000,3,'2016-10-18 10:49:59','2016-10-18 10:49:59'),(209,'17-7-3-1',17,7,3,'1',65000,150000,1,'2016-10-18 10:59:21','2016-10-18 10:59:21'),(210,'1-32-1-1',1,32,1,'1',70000,110000,1,'2016-10-18 11:02:19','2016-10-18 11:02:19'),(211,'13-7-9-2',13,7,9,'2',100000,175000,1,'2016-10-18 11:03:43','2016-10-18 11:03:43'),(212,'3-7-3-1',3,7,3,'1',150000,200000,1,'2016-10-18 11:05:02','2016-10-18 11:05:02'),(213,'3-2-3-1',3,2,3,'1',50000,100000,1,'2016-10-18 11:06:25','2016-10-18 11:06:25'),(214,'1-7-1-5',1,7,1,'5',90000,140000,3,'2016-10-18 11:11:09','2016-10-18 11:11:09'),(215,'2-7-1-1',2,7,1,'1',40000,80000,4,'2016-10-18 11:18:21','2016-10-18 11:18:21'),(216,'11-15-9-1',11,15,9,'1',110000,150000,1,'2016-10-18 11:25:26','2016-10-18 11:25:26'),(217,'11-15-9-2',11,15,9,'2',70000,140000,1,'2016-10-18 11:26:36','2016-10-18 11:26:36'),(218,'17-15-9-1',17,15,9,'1',90000,125000,-1,'2016-10-18 11:27:38','2016-11-14 11:29:28'),(219,'8-16-1-1',8,16,1,'1',50000,80000,1,'2016-10-18 11:29:36','2016-10-18 11:29:36'),(220,'17-2-3-1',17,2,3,'1',80000,100000,1,'2016-10-18 11:31:15','2016-10-18 11:31:15'),(221,'8-32-1-1',8,32,1,'1',25000,35000,5,'2016-10-20 07:08:43','2016-11-14 11:22:42'),(222,'8-32-1-2',8,32,1,'2',30000,40000,3,'2016-10-20 07:11:32','2016-10-20 07:11:32'),(223,'8-32-1-3',8,32,1,'3',25000,40000,4,'2016-10-20 07:12:39','2016-10-20 07:12:39'),(224,'8-32-1-4',8,32,1,'4',30000,45000,5,'2016-10-20 07:13:54','2016-10-20 07:13:54'),(225,'8-32-1-5',8,32,1,'5',30000,50000,11,'2016-10-20 07:15:43','2016-10-20 07:15:43'),(226,'8-32-1-6',8,32,1,'6',35000,55000,1,'2016-10-20 07:18:44','2016-10-20 07:18:44'),(227,'8-13-1-1',8,13,1,'1',20000,27500,1,'2016-10-20 07:20:09','2016-10-20 07:20:09'),(228,'13-32-1-1',13,32,1,'1',30000,40000,4,'2016-10-20 07:21:27','2016-10-20 07:21:27'),(229,'13-32-1-2',13,32,1,'2',30000,45000,2,'2016-10-20 07:23:07','2016-10-20 07:23:07'),(230,'13-32-1-3',13,32,1,'3',35000,40000,6,'2016-10-20 07:24:18','2016-10-20 07:24:18'),(231,'13-32-1-4',13,32,1,'4',35000,50000,1,'2016-10-20 07:27:24','2016-10-20 07:27:24'),(232,'17-32-1-1',17,32,1,'1',20000,40000,1,'2016-10-20 07:28:40','2016-10-20 07:28:40'),(233,'1-7-1-6',1,7,1,'6',70000,100000,1,'2016-10-20 07:30:32','2016-10-20 07:30:32'),(234,'21-32-1-1',21,32,1,'1',40000,65000,4,'2016-10-20 07:32:21','2016-11-17 08:28:56'),(235,'21-14-1-1',21,14,1,'1',45000,75000,5,'2016-10-20 07:33:50','2016-10-20 07:33:50'),(236,'21-14-1-2',21,14,1,'2',38000,60000,2,'2016-10-20 07:35:59','2016-10-20 07:35:59'),(237,'3-14-1-1',3,14,1,'1',30000,57500,4,'2016-10-20 07:37:24','2016-10-20 07:37:24'),(238,'2-11-2-1',2,11,2,'1',75000,100000,7,'2016-10-20 08:03:33','2016-10-20 08:03:33'),(239,'17-1-1-2',17,1,1,'2',30000,45000,4,'2016-10-20 08:17:14','2016-10-20 08:17:14'),(240,'17-1-1-3',17,1,1,'3',40000,75000,3,'2016-10-20 08:18:14','2016-10-20 08:18:14'),(241,'4-1-1-1',4,1,1,'1',25000,30000,6,'2016-10-20 08:20:13','2016-10-20 08:20:13'),(242,'2-1-1-2',2,1,1,'2',40000,55000,2,'2016-10-20 08:23:40','2016-10-20 08:23:40'),(243,'19-1-1-2',19,1,1,'2',20000,45000,2,'2016-10-20 08:25:54','2016-10-20 08:25:54'),(244,'21-1-1-1',21,1,1,'1',120000,180000,4,'2016-10-20 08:27:33','2016-10-20 08:27:33'),(245,'3-2-3-2',3,2,3,'2',85000,200000,4,'2016-10-20 08:41:11','2016-10-20 08:41:11'),(246,'8-2-1-1',8,2,1,'1',50000,80000,3,'2016-10-20 08:42:44','2016-10-20 08:42:44'),(247,'3-2-3-3',3,2,3,'3',85000,140000,3,'2016-10-20 08:44:13','2016-10-20 08:44:13'),(248,'19-1-1-1',19,1,1,'1',30000,80000,2,'2016-10-20 08:46:06','2016-10-20 08:46:06'),(249,'1-35-1-1',1,35,1,'1',75000,150000,2,'2016-10-20 08:47:52','2016-10-20 08:47:52'),(250,'21-1-2-1',21,1,2,'1',40000,75000,2,'2016-10-20 08:51:27','2016-10-20 08:51:27'),(251,'1-1-1-6',1,1,1,'6',75000,100000,1,'2016-10-20 09:41:51','2016-10-20 09:41:51'),(252,'3-1-1-2',3,1,1,'2',75000,150000,1,'2016-10-20 09:45:10','2016-10-20 09:45:10'),(253,'5-2-3-1',5,2,3,'1',45000,120000,1,'2016-10-20 09:46:42','2016-10-20 09:46:42'),(254,'3-2-2-1',3,2,2,'1',40000,60000,1,'2016-10-20 09:47:55','2016-10-20 09:47:55'),(255,'2-11-1-1',2,11,1,'1',65000,90000,1,'2016-10-20 09:51:43','2016-10-20 09:51:43'),(256,'2-11-1-2',2,11,1,'2',70000,125000,1,'2016-10-20 09:52:39','2016-10-20 09:52:39'),(257,'3-9-1-1',3,9,1,'1',90000,147500,4,'2016-10-20 09:54:46','2016-10-20 09:54:46'),(258,'11-16-9-1',11,16,9,'1',155000,195000,2,'2016-10-20 10:00:03','2016-10-20 10:00:03'),(259,'17-16-9-1',17,16,9,'1',155000,200000,1,'2016-10-20 10:01:35','2016-10-20 10:01:35'),(260,'5-7-1-1',5,7,1,'1',70000,130000,1,'2016-10-20 10:03:00','2016-10-20 10:03:00'),(261,'17-14-9-1',17,14,9,'1',95000,125000,2,'2016-10-20 10:08:59','2016-10-20 10:08:59'),(262,'1-20-1-1',1,20,1,'1',10000,15000,23,'2016-10-20 10:25:27','2016-11-10 06:00:27'),(263,'1-20-1-2',1,20,1,'2',12000,20000,1,'2016-10-20 10:27:23','2016-10-20 10:27:23'),(264,'3-25-1-1',3,25,1,'1',60000,85000,3,'2016-10-20 10:33:40','2016-10-20 10:36:43'),(265,'3-25-1-2',3,25,1,'2',30000,45000,5,'2016-10-20 10:34:37','2016-10-20 10:34:37'),(266,'3-25-1-3',3,25,1,'3',55000,75000,2,'2016-10-20 10:36:06','2016-10-20 10:36:06'),(267,'3-25-1-4',3,25,1,'4',50000,70000,1,'2016-10-20 10:37:28','2016-10-20 10:37:28'),(268,'3-25-1-5',3,25,1,'5',30000,40000,1,'2016-10-20 10:38:09','2016-10-20 10:38:09'),(269,'3-26-1-1',3,26,1,'1',60000,100000,1,'2016-10-20 10:39:25','2016-10-20 10:39:25'),(270,'3-26-1-2',3,26,1,'2',110000,140000,2,'2016-10-20 10:40:06','2016-10-20 10:40:06'),(271,'17-21-1-1',17,21,1,'1',9000,15000,31,'2016-10-27 06:28:00','2016-11-10 06:07:53'),(272,'17-21-1-2',17,21,1,'2',20000,30000,9,'2016-10-27 06:32:39','2016-11-10 06:36:11'),(273,'17-23-1-1',17,23,1,'1',20000,35000,11,'2016-10-27 06:36:46','2016-10-27 06:37:54'),(274,'17-23-1-2',17,23,1,'2',25000,55000,2,'2016-10-27 06:40:01','2016-10-27 06:40:01'),(275,'17-23-7-1',17,23,7,'1',20000,30000,3,'2016-10-27 06:41:13','2016-10-27 06:41:13'),(276,'17-21-1-3',17,21,1,'3',15000,25000,3,'2016-10-27 06:48:13','2016-10-27 06:48:13'),(277,'17-21-1-4',17,21,1,'4',13000,18000,2,'2016-10-27 06:49:44','2016-10-27 06:49:44'),(278,'17-23-6-1',17,23,6,'1',20000,27500,2,'2016-10-27 06:51:13','2016-10-27 06:51:13'),(279,'17-23-9-1',17,23,9,'1',20000,25000,2,'2016-10-27 06:53:04','2016-10-27 06:53:04'),(280,'17-23-1-3',17,23,1,'3',30000,37000,1,'2016-10-27 06:54:39','2016-11-10 06:36:11'),(281,'17-36-10-1',17,36,10,'1',40000,60000,2,'2016-10-27 07:02:11','2016-10-27 07:02:11'),(282,'17-22-11-1',17,22,11,'1',20000,26000,5,'2016-10-27 07:04:27','2016-10-27 07:04:27'),(283,'17-37-1-1',17,37,1,'1',45000,70000,2,'2016-10-27 07:07:04','2016-10-27 07:07:04'),(284,'17-37-1-2',17,37,1,'2',40000,65000,3,'2016-10-27 07:10:05','2016-10-27 07:10:05'),(285,'17-22-11-2',17,22,11,'2',35000,50000,2,'2016-10-27 07:12:29','2016-10-27 07:12:29'),(286,'17-22-9-1',17,22,9,'1',20000,25000,5,'2016-10-27 07:15:10','2016-10-27 07:58:43'),(287,'17-22-10-1',17,22,10,'1',20000,25000,1,'2016-10-27 07:18:06','2016-10-27 07:18:06'),(288,'17-22-7-1',17,22,7,'1',20000,28000,1,'2016-10-27 07:19:12','2016-10-27 07:19:12'),(289,'17-22-7-2',17,22,7,'2',30000,40000,1,'2016-10-27 07:20:48','2016-10-27 07:20:48'),(290,'17-22-11-3',17,22,11,'3',40000,55000,1,'2016-10-27 07:22:14','2016-10-27 07:22:14'),(291,'17-22-11-4',17,22,11,'4',10000,14000,2,'2016-10-27 07:23:36','2016-10-27 07:57:14'),(292,'17-23-4-1',17,23,4,'1',20000,28000,1,'2016-10-27 07:24:41','2016-10-27 07:24:41'),(293,'17-23-10-1',17,23,10,'1',25000,30000,1,'2016-10-27 07:25:58','2016-10-27 07:25:58'),(294,'11-38-10-1',11,38,10,'1',10000,15000,13,'2016-10-27 07:29:56','2016-10-27 07:29:56'),(295,'11-38-10-2',11,38,10,'2',13000,23000,2,'2016-10-27 07:35:17','2016-10-27 07:35:17'),(296,'17-24-7-1',17,24,7,'1',10000,16000,11,'2016-10-27 07:59:33','2016-10-27 07:59:33'),(297,'17-24-7-2',17,24,7,'2',10000,17500,10,'2016-10-27 08:02:13','2016-10-27 08:02:13'),(298,'17-24-9-1',17,24,9,'1',8000,10000,5,'2016-10-27 08:03:46','2016-10-27 08:03:46'),(299,'17-24-7-3',17,24,7,'3',5000,8000,6,'2016-10-27 08:05:04','2016-10-27 08:05:04'),(300,'1-1-1-2 tg',1,1,1,'2 tg',30000,55000,1,'2016-11-01 09:16:37','2016-11-01 09:16:37'),(301,'1-7-1-KD',1,7,1,'KD',125000,170000,0,'2016-11-01 09:25:00','2016-11-14 11:33:56'),(302,'1-7-1-KDJ',1,7,1,'KDJ',130000,180000,0,'2016-11-01 09:26:55','2016-11-10 06:11:59'),(303,'1-12-4-3',1,12,4,'3',95000,150000,2,'2016-11-01 09:34:58','2016-11-01 09:34:58'),(304,'1-7-4-PR',1,7,4,'PR',135000,185000,9,'2016-11-01 09:45:44','2016-11-17 07:16:07'),(305,'1-7-1-PRJ',1,7,1,'PRJ',145000,195000,2,'2016-11-01 09:48:41','2016-11-10 06:34:35'),(306,'1-2-1-1',1,2,1,'1',85000,140000,8,'2016-11-17 06:44:50','2016-11-17 06:44:50'),(307,'1-6-1-1',1,6,1,'1',50000,80000,6,'2016-11-17 06:49:09','2016-11-17 06:49:09'),(308,'1-6-1-2',1,6,1,'2',55000,90000,4,'2016-11-17 06:54:22','2016-11-17 06:54:22'),(309,'1-1-1-7',1,1,1,'7',60000,90000,3,'2016-11-17 07:04:52','2016-11-17 07:04:52'),(310,'1-14-4-1',1,14,4,'1',75000,130000,1,'2016-11-17 07:08:12','2016-11-17 07:08:12');
/*!40000 ALTER TABLE `items` ENABLE KEYS */;
UNLOCK TABLES;

--
-- Table structure for table `materials`
--

DROP TABLE IF EXISTS `materials`;
/*!40101 SET @saved_cs_client     = @@character_set_client */;
/*!40101 SET character_set_client = utf8 */;
CREATE TABLE `materials` (
  `id` int(10) unsigned NOT NULL AUTO_INCREMENT,
  `name` varchar(255) COLLATE utf8_unicode_ci NOT NULL,
  `created_at` timestamp NULL DEFAULT NULL,
  `updated_at` timestamp NULL DEFAULT NULL,
  PRIMARY KEY (`id`),
  UNIQUE KEY `materials_name_unique` (`name`)
) ENGINE=InnoDB AUTO_INCREMENT=12 DEFAULT CHARSET=utf8 COLLATE=utf8_unicode_ci;
/*!40101 SET character_set_client = @saved_cs_client */;

--
-- Dumping data for table `materials`
--

LOCK TABLES `materials` WRITE;
/*!40000 ALTER TABLE `materials` DISABLE KEYS */;
INSERT INTO `materials` VALUES (1,'Katun','2016-06-05 18:58:25','2016-06-05 18:58:25'),(2,'Sunwosh','2016-06-05 18:58:37','2016-06-05 18:58:37'),(3,'Semi Sutra','2016-06-05 18:58:55','2016-06-05 18:58:55'),(4,'Prodo','2016-06-13 13:22:52','2016-06-13 13:22:52'),(5,'Embos','2016-09-25 07:53:20','2016-09-25 07:53:20'),(6,'tenun','2016-09-25 09:32:58','2016-09-25 09:32:58'),(7,'Kaos Solo','2016-09-25 11:04:22','2016-09-25 11:04:22'),(8,'piyama','2016-09-30 08:18:57','2016-09-30 08:18:57'),(9,'payet','2016-10-11 08:44:16','2016-10-11 08:44:16'),(10,'sifon','2016-10-27 07:00:49','2016-10-27 07:00:49'),(11,'jersi','2016-10-27 07:03:10','2016-10-27 07:03:10');
/*!40000 ALTER TABLE `materials` ENABLE KEYS */;
UNLOCK TABLES;

--
-- Table structure for table `migrations`
--

DROP TABLE IF EXISTS `migrations`;
/*!40101 SET @saved_cs_client     = @@character_set_client */;
/*!40101 SET character_set_client = utf8 */;
CREATE TABLE `migrations` (
  `migration` varchar(255) COLLATE utf8_unicode_ci NOT NULL,
  `batch` int(11) NOT NULL
) ENGINE=InnoDB DEFAULT CHARSET=utf8 COLLATE=utf8_unicode_ci;
/*!40101 SET character_set_client = @saved_cs_client */;

--
-- Dumping data for table `migrations`
--

LOCK TABLES `migrations` WRITE;
/*!40000 ALTER TABLE `migrations` DISABLE KEYS */;
/*!40000 ALTER TABLE `migrations` ENABLE KEYS */;
UNLOCK TABLES;

--
-- Table structure for table `password_resets`
--

DROP TABLE IF EXISTS `password_resets`;
/*!40101 SET @saved_cs_client     = @@character_set_client */;
/*!40101 SET character_set_client = utf8 */;
CREATE TABLE `password_resets` (
  `email` varchar(255) COLLATE utf8_unicode_ci NOT NULL,
  `token` varchar(255) COLLATE utf8_unicode_ci NOT NULL,
  `created_at` timestamp NOT NULL DEFAULT CURRENT_TIMESTAMP ON UPDATE CURRENT_TIMESTAMP,
  KEY `password_resets_email_index` (`email`),
  KEY `password_resets_token_index` (`token`)
) ENGINE=InnoDB DEFAULT CHARSET=utf8 COLLATE=utf8_unicode_ci;
/*!40101 SET character_set_client = @saved_cs_client */;

--
-- Dumping data for table `password_resets`
--

LOCK TABLES `password_resets` WRITE;
/*!40000 ALTER TABLE `password_resets` DISABLE KEYS */;
/*!40000 ALTER TABLE `password_resets` ENABLE KEYS */;
UNLOCK TABLES;

--
-- Table structure for table `transactions`
--

DROP TABLE IF EXISTS `transactions`;
/*!40101 SET @saved_cs_client     = @@character_set_client */;
/*!40101 SET character_set_client = utf8 */;
CREATE TABLE `transactions` (
  `id` int(10) unsigned NOT NULL AUTO_INCREMENT,
  `customer` varchar(255) COLLATE utf8_unicode_ci NOT NULL,
  `trans_date` date NOT NULL,
  `total` int(11) NOT NULL,
  `profit` int(11) NOT NULL,
  `created_at` timestamp NULL DEFAULT NULL,
  `updated_at` timestamp NULL DEFAULT NULL,
  PRIMARY KEY (`id`)
) ENGINE=InnoDB AUTO_INCREMENT=45 DEFAULT CHARSET=utf8 COLLATE=utf8_unicode_ci;
/*!40101 SET character_set_client = @saved_cs_client */;

--
-- Dumping data for table `transactions`
--

LOCK TABLES `transactions` WRITE;
/*!40000 ALTER TABLE `transactions` DISABLE KEYS */;
INSERT INTO `transactions` VALUES (1,'x','2016-09-25',45000,12000,'2016-09-27 08:26:36','2016-09-27 08:26:36'),(2,'x','2016-09-26',80000,20000,'2016-09-27 08:28:25','2016-09-27 08:28:25'),(3,'x','2016-09-27',25000,7000,'2016-09-29 08:23:17','2016-09-29 08:23:17'),(4,'x','2016-09-28',70000,40000,'2016-09-29 08:24:19','2016-09-29 08:24:19'),(5,'Mb Yuni','2016-09-29',225000,95000,'2016-10-04 06:43:32','2016-10-04 06:43:32'),(6,'Mb Leli','2016-09-30',390000,192000,'2016-10-04 07:08:23','2016-10-04 07:08:23'),(7,'x','2016-10-02',1180000,473500,'2016-10-04 07:19:25','2016-10-04 07:19:25'),(8,'x','2016-10-04',100000,45500,'2016-10-08 10:18:57','2016-10-08 10:18:57'),(9,'x','2016-10-11',282500,135500,'2016-10-15 08:58:31','2016-10-15 08:58:31'),(11,'x','2016-10-12',140000,75000,'2016-10-15 09:05:38','2016-10-15 09:05:38'),(12,'xd','2016-10-12',90000,35000,'2016-10-15 09:07:27','2016-10-15 09:07:27'),(13,'j','2016-10-12',79000,23000,'2016-10-15 09:08:32','2016-10-15 09:08:32'),(14,'hf','2016-10-12',38000,15000,'2016-10-15 09:09:00','2016-10-15 09:09:00'),(15,'t','2016-10-13',158000,60000,'2016-10-15 09:10:48','2016-10-15 09:10:48'),(16,'jg','2016-10-13',205000,102000,'2016-10-15 09:12:11','2016-10-15 09:12:11'),(17,'k','2016-10-16',200000,80000,'2016-10-18 07:03:27','2016-10-18 07:03:27'),(18,'t','2016-10-18',336000,150000,'2016-10-22 11:00:24','2016-10-22 11:00:24'),(19,'j','2016-10-20',60000,-10000,'2016-10-22 11:01:45','2016-10-22 11:01:45'),(20,'k','2016-10-21',140000,60000,'2016-10-22 11:03:26','2016-10-22 11:03:26'),(21,'k','2016-10-22',235000,112500,'2016-10-27 06:14:32','2016-10-27 06:14:32'),(22,'j','2016-10-23',160000,60000,'2016-10-27 06:15:33','2016-10-27 06:15:33'),(23,'J','2016-10-26',40000,16000,'2016-11-01 09:54:36','2016-11-01 09:54:36'),(24,'U','2016-10-27',30000,15000,'2016-11-01 09:55:17','2016-11-01 09:55:17'),(25,'J','2016-10-28',45000,17000,'2016-11-01 09:56:15','2016-11-01 09:56:15'),(26,'N','2016-10-29',155000,77500,'2016-11-01 09:58:17','2016-11-01 09:58:17'),(27,'H','2016-10-30',380000,152500,'2016-11-01 10:07:20','2016-11-01 10:07:20'),(28,'L','2016-10-31',119000,41000,'2016-11-01 10:28:18','2016-11-01 10:28:18'),(29,'k','2016-11-02',252500,103500,'2016-11-10 06:00:27','2016-11-10 06:00:27'),(30,'g','2016-11-04',120000,42000,'2016-11-10 06:01:53','2016-11-10 06:01:53'),(32,'k','2016-11-05',360000,151000,'2016-11-10 06:07:53','2016-11-10 06:07:53'),(33,'d','2016-11-06',420000,175000,'2016-11-10 06:09:42','2016-11-10 06:09:42'),(34,'t','2016-11-07',543000,179500,'2016-11-10 06:11:59','2016-11-10 06:11:59'),(35,'k','2016-11-08',755000,274500,'2016-11-10 06:34:35','2016-11-10 06:34:35'),(36,'s','2016-11-09',300000,87500,'2016-11-10 06:36:11','2016-11-10 06:36:11'),(37,'i','2016-11-10',150000,65000,'2016-11-14 11:22:42','2016-11-14 11:22:42'),(38,'f','2016-11-11',162000,70500,'2016-11-14 11:24:36','2016-11-14 11:24:36'),(40,'o','2016-11-12',645000,205000,'2016-11-14 11:29:28','2016-11-14 11:29:28'),(41,'k','2016-11-13',776000,337000,'2016-11-14 11:33:56','2016-11-14 11:33:56'),(42,'j','2016-11-14',440000,188000,'2016-11-17 08:26:45','2016-11-17 08:26:45'),(43,'d','2016-11-15',295000,127000,'2016-11-17 08:28:56','2016-11-17 08:28:56'),(44,'k','2016-11-16',185000,104500,'2016-11-17 08:30:23','2016-11-17 08:30:23');
/*!40000 ALTER TABLE `transactions` ENABLE KEYS */;
UNLOCK TABLES;

--
-- Table structure for table `types`
--

DROP TABLE IF EXISTS `types`;
/*!40101 SET @saved_cs_client     = @@character_set_client */;
/*!40101 SET character_set_client = utf8 */;
CREATE TABLE `types` (
  `id` int(10) unsigned NOT NULL AUTO_INCREMENT,
  `name` varchar(255) COLLATE utf8_unicode_ci NOT NULL,
  `created_at` timestamp NULL DEFAULT NULL,
  `updated_at` timestamp NULL DEFAULT NULL,
  PRIMARY KEY (`id`),
  UNIQUE KEY `types_name_unique` (`name`)
) ENGINE=InnoDB AUTO_INCREMENT=39 DEFAULT CHARSET=utf8 COLLATE=utf8_unicode_ci;
/*!40101 SET character_set_client = @saved_cs_client */;

--
-- Dumping data for table `types`
--

LOCK TABLES `types` WRITE;
/*!40000 ALTER TABLE `types` DISABLE KEYS */;
INSERT INTO `types` VALUES (1,'Hem','2016-06-05 18:52:29','2016-06-05 18:52:29'),(2,'Kemeja','2016-06-05 18:52:38','2016-06-05 18:52:38'),(3,'Blus Pendek','2016-06-05 18:53:01','2016-06-05 18:53:01'),(4,'Blus Pd','2016-06-05 18:56:46','2016-06-05 18:56:46'),(5,'Blus 3/4','2016-06-05 18:57:12','2016-06-05 18:57:12'),(6,'Blus Pj','2016-06-05 18:57:22','2016-06-05 18:57:22'),(7,'Gamis','2016-06-05 18:57:58','2016-06-05 18:57:58'),(8,'Sorjan','2016-06-05 18:58:09','2016-06-05 18:58:09'),(9,'Sarimbit Gamis SRG','2016-06-13 12:52:29','2016-06-13 12:52:29'),(10,'Sarimbit Dreess SRD','2016-06-13 12:52:54','2016-06-13 12:52:54'),(11,'Sarimbit Blus SRB','2016-06-13 12:53:19','2016-06-13 12:53:19'),(12,'Dress','2016-06-13 12:54:04','2016-06-13 12:54:04'),(13,'JumpSuit JS','2016-06-13 12:54:32','2016-06-13 12:54:32'),(14,'Setelan Kaos STK','2016-06-13 12:55:21','2016-06-13 12:55:21'),(15,'Setelan Kebaya STB','2016-06-13 12:56:02','2016-06-13 12:56:02'),(16,'Kebaya Atasan','2016-06-13 12:56:35','2016-06-13 12:56:35'),(17,'Blangkon Jogja','2016-06-13 12:56:59','2016-06-13 12:56:59'),(18,'Blangkon Solo','2016-06-13 12:57:17','2016-06-13 12:57:17'),(19,'Iket','2016-06-13 12:57:30','2016-06-13 12:57:30'),(20,'Topi','2016-06-13 12:57:40','2016-06-13 12:57:40'),(21,'Krudung Paris','2016-06-13 12:58:07','2016-06-13 12:58:07'),(22,'Krudung Kolong','2016-06-13 12:58:26','2016-06-13 12:58:26'),(23,'Krudung Pasmina','2016-06-13 12:58:47','2016-06-13 12:58:47'),(24,'Krudung Dalaman','2016-06-13 12:59:01','2016-06-13 12:59:01'),(25,'Tas Batik','2016-06-13 12:59:39','2016-06-13 12:59:39'),(26,'Mukena Batik','2016-06-13 12:59:52','2016-06-13 12:59:52'),(27,'Kaos Wayang','2016-06-13 13:00:25','2016-06-13 13:00:25'),(28,'Rok Batik','2016-06-13 13:00:52','2016-06-13 13:00:52'),(29,'Celana Batik','2016-06-13 13:01:11','2016-06-13 13:01:11'),(30,'Bolero','2016-06-13 13:38:42','2016-06-13 13:38:42'),(31,'Bobal Bolero Bolak-balik','2016-06-13 13:39:08','2016-06-13 13:39:08'),(32,'Daster','2016-07-09 15:14:28','2016-07-09 15:14:28'),(33,'kain pantai','2016-09-30 10:10:43','2016-09-30 10:10:43'),(34,'Rok n Blus','2016-10-18 09:42:51','2016-10-18 09:42:51'),(35,'jaket','2016-10-20 08:46:52','2016-10-20 08:46:52'),(36,'kerudung fatin','2016-10-27 06:56:39','2016-10-27 06:56:39'),(37,'kerudung syar\"','2016-10-27 06:56:59','2016-10-27 06:56:59'),(38,'sampur tari','2016-10-27 07:26:35','2016-10-27 07:26:35');
/*!40000 ALTER TABLE `types` ENABLE KEYS */;
UNLOCK TABLES;

--
-- Table structure for table `users`
--

DROP TABLE IF EXISTS `users`;
/*!40101 SET @saved_cs_client     = @@character_set_client */;
/*!40101 SET character_set_client = utf8 */;
CREATE TABLE `users` (
  `id` int(10) unsigned NOT NULL AUTO_INCREMENT,
  `name` varchar(255) COLLATE utf8_unicode_ci NOT NULL,
  `email` varchar(255) COLLATE utf8_unicode_ci NOT NULL,
  `password` varchar(60) COLLATE utf8_unicode_ci NOT NULL,
  `remember_token` varchar(100) COLLATE utf8_unicode_ci DEFAULT NULL,
  `created_at` timestamp NULL DEFAULT NULL,
  `updated_at` timestamp NULL DEFAULT NULL,
  PRIMARY KEY (`id`),
  UNIQUE KEY `users_email_unique` (`email`)
) ENGINE=InnoDB AUTO_INCREMENT=3 DEFAULT CHARSET=utf8 COLLATE=utf8_unicode_ci;
/*!40101 SET character_set_client = @saved_cs_client */;

--
-- Dumping data for table `users`
--

LOCK TABLES `users` WRITE;
/*!40000 ALTER TABLE `users` DISABLE KEYS */;
INSERT INTO `users` VALUES (1,'Guyub Hana Haq','guyubhana@gmail.com','$2y$10$3hWeEbMjwggNs32euHEr..kLdyQbM0k4SSZVPcke1.z76uvIIej3u','RnDXzsk79fY2uyRwEcyIt0ZS0ofEEssROvK78VJTVqoiTQHN5s8JiX9OUFkg',NULL,'2016-11-17 08:46:46'),(2,'Whilda Chaq','whildachaq@gmail.com','$2y$10$d4Y2wNF6gwW8SEL3eP6vueLxRkjy0e1Riehcf40is/vCNDcfzW2yO','aabbzN6h8p1dMYrj7D6iS1cHNfGJ5MoalnJ8ja3I8fDbNVzrpiM7iFsIkiEV',NULL,'2016-10-23 04:51:15');
/*!40000 ALTER TABLE `users` ENABLE KEYS */;
UNLOCK TABLES;

--
-- Table structure for table `vendors`
--

DROP TABLE IF EXISTS `vendors`;
/*!40101 SET @saved_cs_client     = @@character_set_client */;
/*!40101 SET character_set_client = utf8 */;
CREATE TABLE `vendors` (
  `id` int(10) unsigned NOT NULL AUTO_INCREMENT,
  `name` varchar(255) COLLATE utf8_unicode_ci NOT NULL,
  `created_at` timestamp NULL DEFAULT NULL,
  `updated_at` timestamp NULL DEFAULT NULL,
  PRIMARY KEY (`id`),
  UNIQUE KEY `vendors_name_unique` (`name`)
) ENGINE=InnoDB AUTO_INCREMENT=22 DEFAULT CHARSET=utf8 COLLATE=utf8_unicode_ci;
/*!40101 SET character_set_client = @saved_cs_client */;

--
-- Dumping data for table `vendors`
--

LOCK TABLES `vendors` WRITE;
/*!40000 ALTER TABLE `vendors` DISABLE KEYS */;
INSERT INTO `vendors` VALUES (1,'Putri Lestari','2016-06-05 18:49:09','2016-06-05 18:49:09'),(2,'Arta Klewer','2016-06-05 18:49:50','2016-06-05 18:49:50'),(3,'Ria Batik','2016-06-05 18:50:05','2016-06-05 18:50:05'),(4,'Sri Lestari Pantai','2016-06-05 19:11:41','2016-06-05 19:11:41'),(5,'Yuliani Klewer','2016-06-13 12:46:27','2016-06-13 12:46:27'),(6,'Mardiyah Klewer','2016-06-13 12:47:23','2016-06-13 12:47:23'),(7,'H n F Kaos','2016-06-13 12:47:52','2016-06-13 12:47:52'),(8,'Yuniarti Bringharjo','2016-06-13 12:48:33','2016-06-13 12:48:33'),(9,'Blangkon Jogja','2016-06-13 12:48:55','2016-06-13 12:48:55'),(10,'Aini Blangkon Solo','2016-06-13 12:49:22','2016-06-13 12:49:22'),(11,'Atik Kebaya','2016-06-13 12:49:42','2016-06-13 12:49:42'),(12,'Benang Raja','2016-06-13 12:49:54','2016-06-13 12:49:54'),(13,'Asih Klewer','2016-06-13 12:50:24','2016-06-13 12:50:24'),(14,'Putra Ps.Raya S3','2016-09-25 06:55:56','2016-09-25 06:55:56'),(15,'Batik Perintis','2016-09-25 07:29:59','2016-09-25 07:29:59'),(17,'Ibu Siti','2016-09-25 07:46:34','2016-09-25 07:46:34'),(18,'Vini pklg','2016-09-27 10:53:31','2016-09-27 10:53:31'),(19,'Sania Pklgn','2016-10-04 09:19:39','2016-10-04 09:19:39'),(20,'Amelia D9','2016-10-11 07:57:57','2016-10-11 07:57:57'),(21,'KU (Kencono Ungu)','2016-10-11 09:48:45','2016-10-11 09:48:45');
/*!40000 ALTER TABLE `vendors` ENABLE KEYS */;
UNLOCK TABLES;
/*!40103 SET TIME_ZONE=@OLD_TIME_ZONE */;

/*!40101 SET SQL_MODE=@OLD_SQL_MODE */;
/*!40014 SET FOREIGN_KEY_CHECKS=@OLD_FOREIGN_KEY_CHECKS */;
/*!40014 SET UNIQUE_CHECKS=@OLD_UNIQUE_CHECKS */;
/*!40101 SET CHARACTER_SET_CLIENT=@OLD_CHARACTER_SET_CLIENT */;
/*!40101 SET CHARACTER_SET_RESULTS=@OLD_CHARACTER_SET_RESULTS */;
/*!40101 SET COLLATION_CONNECTION=@OLD_COLLATION_CONNECTION */;
/*!40111 SET SQL_NOTES=@OLD_SQL_NOTES */;

-- Dump completed on 2016-11-18 19:37:39
